insert into customer (id, age, gender, name, goal, insurance) values (1, 46, 'M', 'Pebrook Wrightson', 'physical', 'Helsana');
insert into customer (id, age, gender, name, goal, insurance) values (2, 44, 'M', 'Rouvin Ralls', 'physical', 'Visana');
insert into customer (id, age, gender, name, goal, insurance) values (3, 55, 'M', 'Gabriele Blythin', 'physical', 'Sanitas');
insert into coach (id, age, gender, name, experience, subject_area) values (1, 31, 'F', 'Nikaniki Mewis', 6, 'Psychology');
insert into live_Session (id, name, sponsor, fk_customer_id) values (1, 'Nicola Andrzejewski', 'Sanitas AG', 3);
insert into live_Session (id, name, sponsor, fk_customer_id) values (2, 'Sharron Shildrick', 'Sanitas AG', 2);
insert into live_Session (id, name, sponsor, fk_customer_id) values (3, 'Ambrosi Josephoff', 'Sanitas AG', 2);
insert into live_Session (id, name, sponsor, fk_customer_id) values (4, 'Heinrik Simmon', 'Sanitas AG', 1);
insert into live_Session (id, name, sponsor, fk_customer_id) values (5, 'Berti Todman', 'Sanitas AG', 3);
insert into session (id, duration, topic, fk_live_session_id) values (1, '0:42', 'Japanese Barberry', 2);
insert into session (id, duration, topic, fk_live_session_id) values (2, '16:25', 'Sticky Florestina', 3);
insert into session (id, duration, topic, fk_live_session_id) values (3, '9:46', 'Clam Lichen', 4);
insert into session (id, duration, topic, fk_live_session_id) values (4, '1:05', 'Orchid Ipomopsis', 1);
insert into session (id, duration, topic, fk_live_session_id) values (5, '12:06', 'Running Clubmoss', 5);
insert into diary (id, sponsor, category, fk_customer_id) values (1, 'Sanitas AG', 'weekly', 3);
insert into diary (id, sponsor, category, fk_customer_id) values (2, 'Sanitas AG', 'yearly', 3);
insert into diary (id, sponsor, category, fk_customer_id) values (3, 'Sanitas AG', 'yearly', 3);
insert into diary (id, sponsor, category, fk_customer_id) values (4, 'Sanitas AG', 'weekly', 2);
insert into diary (id, sponsor, category, fk_customer_id) values (5, 'Sanitas AG', 'daily', 2);
insert into entry (id, date, note, progress, fk_diary_id) values (1, '19/09/2020', 'Nullam porttitor lacus at turpis.', 8, 4);
insert into entry (id, date, note, progress, fk_diary_id) values (2, '22/03/2021', 'Morbi vel lectus in quam fringilla rhoncus.', 9, 2);
insert into entry (id, date, note, progress, fk_diary_id) values (3, '05/06/2020', 'Nam dui.', 9, 3);
insert into entry (id, date, note, progress, fk_diary_id) values (4, '03/01/2021', 'Duis at velit eu est congue elementum.', 1, 3);
insert into entry (id, date, note, progress, fk_diary_id) values (5, '10/01/2021', 'Nulla tempus.', 5, 4);
insert into workout (id, name, sponsor, fk_customer_id) values (1, 'Ogdon Pulhoster', 'Sanitas AG', 2);
insert into workout (id, name, sponsor, fk_customer_id) values (2, 'Nefen Losty', 'Sanitas AG', 3);
insert into workout (id, name, sponsor, fk_customer_id) values (3, 'Rodolph Waszkiewicz', 'Sanitas AG', 2);
insert into training (id, category, duration, level, fk_workout_id) values (1, 'bodypump', '15:15', 5, 1);
insert into training (id, category, duration, level, fk_workout_id) values (2, 'aerobic', '14:14', 2, 1);
insert into training (id, category, duration, level, fk_workout_id) values (3, 'bodypump', '5:32', 4, 2);
insert into training (id, category, duration, level, fk_workout_id) values (4, 'spinning', '7:20', 6, 2);
insert into training (id, category, duration, level, fk_workout_id) values (5, 'aerobic', '1:47', 5, 3);
insert into live_session_coaches (live_session_id, coaches_id) values (1, 1);
insert into live_session_coaches (live_session_id, coaches_id) values (1, 2);
insert into live_session_coaches (live_session_id, coaches_id) values (1, 3);
insert into live_session_coaches (live_session_id, coaches_id) values (1, 4);
insert into live_session_coaches (live_session_id, coaches_id) values (1, 5);
insert into live_session_coaches (live_session_id, coaches_id) values (2, 1);
insert into live_session_coaches (live_session_id, coaches_id) values (2, 2);
insert into live_session_coaches (live_session_id, coaches_id) values (2, 3);
insert into live_session_coaches (live_session_id, coaches_id) values (2, 4);
insert into live_session_coaches (live_session_id, coaches_id) values (2, 5);
insert into live_session_coaches (live_session_id, coaches_id) values (3, 1);
insert into live_session_coaches (live_session_id, coaches_id) values (3, 2);
insert into live_session_coaches (live_session_id, coaches_id) values (3, 3);
insert into live_session_coaches (live_session_id, coaches_id) values (3, 4);
insert into live_session_coaches (live_session_id, coaches_id) values (3, 5);
insert into live_session_coaches (live_session_id, coaches_id) values (4, 1);
insert into live_session_coaches (live_session_id, coaches_id) values (4, 2);
insert into live_session_coaches (live_session_id, coaches_id) values (4, 3);
insert into live_session_coaches (live_session_id, coaches_id) values (4, 4);
insert into live_session_coaches (live_session_id, coaches_id) values (4, 5);
insert into live_session_coaches (live_session_id, coaches_id) values (5, 1);
insert into live_session_coaches (live_session_id, coaches_id) values (5, 2);
insert into live_session_coaches (live_session_id, coaches_id) values (5, 3);
insert into live_session_coaches (live_session_id, coaches_id) values (5, 4);
insert into live_session_coaches (live_session_id, coaches_id) values (5, 5);
