insert into customer (id, age, gender, name, goal, insurance) values (1, 44, 'F', 'Megen McTague', 'physical', 'Visana');
insert into customer (id, age, gender, name, goal, insurance) values (2, 40, 'M', 'Mata Leas', 'mental', 'Helsana');
insert into customer (id, age, gender, name, goal, insurance) values (3, 43, 'F', 'Kare Dullard', 'physical', 'Sanitas');
insert into customer (id, age, gender, name, goal, insurance) values (4, 20, 'F', 'Nani Shurey', 'physical', 'Visana');
insert into customer (id, age, gender, name, goal, insurance) values (5, 20, 'M', 'Brnaba Jenkins', 'physical', 'SWICA');
insert into customer (id, age, gender, name, goal, insurance) values (6, 51, 'F', 'Christen Dalrymple', 'physical', 'Visana');
insert into customer (id, age, gender, name, goal, insurance) values (7, 49, 'M', 'Drugi Devaney', 'physical', 'Helsana');
insert into customer (id, age, gender, name, goal, insurance) values (8, 33, 'F', 'Erika Bing', 'mental', 'Sanitas');
insert into customer (id, age, gender, name, goal, insurance) values (9, 22, 'M', 'Waverly Torregiani', 'mental', 'SWICA');
insert into customer (id, age, gender, name, goal, insurance) values (10, 21, 'F', 'Donia Newcome', 'physical', 'Sanitas');
insert into customer (id, age, gender, name, goal, insurance) values (11, 27, 'M', 'Sandor Loosely', 'physical', 'SWICA');
insert into customer (id, age, gender, name, goal, insurance) values (12, 22, 'M', 'Mattias Jerratsch', 'mental', 'Visana');
insert into customer (id, age, gender, name, goal, insurance) values (13, 20, 'M', 'Klaus Rumbelow', 'physical', 'Sanitas');
insert into customer (id, age, gender, name, goal, insurance) values (14, 30, 'F', 'Benedetta Rocks', 'mental', 'SWICA');
insert into customer (id, age, gender, name, goal, insurance) values (15, 33, 'M', 'Huntley Stitfall', 'mental', 'Visana');
insert into customer (id, age, gender, name, goal, insurance) values (16, 20, 'F', 'Maia Crimes', 'mental', 'Helsana');
insert into customer (id, age, gender, name, goal, insurance) values (17, 45, 'F', 'Adara Argabrite', 'mental', 'Visana');
insert into customer (id, age, gender, name, goal, insurance) values (18, 39, 'M', 'Jorgan Jessard', 'physical', 'Visana');
insert into customer (id, age, gender, name, goal, insurance) values (19, 27, 'M', 'Garreth Doore', 'mental', 'Visana');
insert into customer (id, age, gender, name, goal, insurance) values (20, 47, 'F', 'Aimee Ackenhead', 'physical', 'Sanitas');
insert into customer (id, age, gender, name, goal, insurance) values (21, 55, 'F', 'Fleur Hove', 'mental', 'SWICA');
insert into customer (id, age, gender, name, goal, insurance) values (22, 65, 'F', 'Desiree Lundbeck', 'mental', 'Helsana');
insert into customer (id, age, gender, name, goal, insurance) values (23, 23, 'F', 'Tildy Chimenti', 'physical', 'Sanitas');
insert into customer (id, age, gender, name, goal, insurance) values (24, 36, 'M', 'Englebert Over', 'physical', 'SWICA');
insert into customer (id, age, gender, name, goal, insurance) values (25, 28, 'F', 'Alida Kingett', 'mental', 'Helsana');
insert into customer (id, age, gender, name, goal, insurance) values (26, 55, 'M', 'Elroy Hannaway', 'physical', 'Sanitas');
insert into customer (id, age, gender, name, goal, insurance) values (27, 42, 'F', 'Corene Rowatt', 'mental', 'SWICA');
insert into customer (id, age, gender, name, goal, insurance) values (28, 40, 'M', 'Ulysses Callar', 'physical', 'Visana');
insert into customer (id, age, gender, name, goal, insurance) values (29, 34, 'F', 'Kamilah Calcut', 'physical', 'Visana');
insert into customer (id, age, gender, name, goal, insurance) values (30, 41, 'M', 'Morgen Baptiste', 'mental', 'SWICA');
insert into customer (id, age, gender, name, goal, insurance) values (31, 33, 'M', 'Leroi Petruska', 'mental', 'Sanitas');
insert into customer (id, age, gender, name, goal, insurance) values (32, 26, 'F', 'Alvira Postance', 'mental', 'Helsana');
insert into customer (id, age, gender, name, goal, insurance) values (33, 49, 'F', 'Casie Kilbey', 'mental', 'SWICA');
insert into customer (id, age, gender, name, goal, insurance) values (34, 58, 'M', 'Baird Brundill', 'physical', 'Visana');
insert into customer (id, age, gender, name, goal, insurance) values (35, 27, 'F', 'Maridel Hancock', 'mental', 'SWICA');
insert into customer (id, age, gender, name, goal, insurance) values (36, 31, 'F', 'Isis Nudds', 'physical', 'Sanitas');
insert into customer (id, age, gender, name, goal, insurance) values (37, 35, 'F', 'Donny Cauldfield', 'mental', 'SWICA');
insert into customer (id, age, gender, name, goal, insurance) values (38, 61, 'M', 'Alasteir Geistbeck', 'physical', 'Helsana');
insert into customer (id, age, gender, name, goal, insurance) values (39, 33, 'F', 'Evvie Duffer', 'mental', 'Helsana');
insert into customer (id, age, gender, name, goal, insurance) values (40, 29, 'F', 'Mia Odney', 'mental', 'Helsana');
insert into customer (id, age, gender, name, goal, insurance) values (41, 28, 'M', 'Meade Pfaffel', 'physical', 'SWICA');
insert into customer (id, age, gender, name, goal, insurance) values (42, 50, 'M', 'Antonio Cromack', 'mental', 'Helsana');
insert into customer (id, age, gender, name, goal, insurance) values (43, 37, 'F', 'Deb Shirtliff', 'mental', 'SWICA');
insert into customer (id, age, gender, name, goal, insurance) values (44, 28, 'F', 'Benedetta Fogden', 'mental', 'Sanitas');
insert into customer (id, age, gender, name, goal, insurance) values (45, 46, 'M', 'Thornie Foyster', 'mental', 'Helsana');
insert into customer (id, age, gender, name, goal, insurance) values (46, 37, 'F', 'Karrah Mesias', 'physical', 'Helsana');
insert into customer (id, age, gender, name, goal, insurance) values (47, 63, 'F', 'Poppy Gery', 'physical', 'Visana');
insert into customer (id, age, gender, name, goal, insurance) values (48, 64, 'F', 'Zitella Wallington', 'physical', 'Sanitas');
insert into customer (id, age, gender, name, goal, insurance) values (49, 35, 'M', 'Abby Imlaw', 'mental', 'SWICA');
insert into customer (id, age, gender, name, goal, insurance) values (50, 41, 'M', 'Dennie Catling', 'physical', 'Helsana');
insert into customer (id, age, gender, name, goal, insurance) values (51, 51, 'M', 'Dexter Cressor', 'mental', 'SWICA');
insert into customer (id, age, gender, name, goal, insurance) values (52, 45, 'F', 'Hally Trewhella', 'physical', 'Visana');
insert into customer (id, age, gender, name, goal, insurance) values (53, 20, 'M', 'Larry Chittim', 'mental', 'Sanitas');
insert into customer (id, age, gender, name, goal, insurance) values (54, 24, 'M', 'Tudor Jephcote', 'physical', 'Helsana');
insert into customer (id, age, gender, name, goal, insurance) values (55, 30, 'F', 'Loralee Butterly', 'physical', 'SWICA');
insert into customer (id, age, gender, name, goal, insurance) values (56, 65, 'F', 'Pansie Ricardon', 'physical', 'Visana');
insert into customer (id, age, gender, name, goal, insurance) values (57, 38, 'M', 'Osbert Doleman', 'physical', 'Visana');
insert into customer (id, age, gender, name, goal, insurance) values (58, 53, 'M', 'Falito Kowalski', 'mental', 'Sanitas');
insert into customer (id, age, gender, name, goal, insurance) values (59, 49, 'F', 'Raeann Enrique', 'physical', 'Helsana');
insert into customer (id, age, gender, name, goal, insurance) values (60, 43, 'M', 'Maurits Gherardesci', 'physical', 'Sanitas');
insert into customer (id, age, gender, name, goal, insurance) values (61, 52, 'M', 'Lars Strethill', 'physical', 'SWICA');
insert into customer (id, age, gender, name, goal, insurance) values (62, 39, 'M', 'Judas Swancott', 'physical', 'Visana');
insert into customer (id, age, gender, name, goal, insurance) values (63, 29, 'F', 'Wandie MacLaughlin', 'physical', 'Visana');
insert into customer (id, age, gender, name, goal, insurance) values (64, 62, 'M', 'Binky Liffey', 'mental', 'Helsana');
insert into customer (id, age, gender, name, goal, insurance) values (65, 31, 'M', 'Heall Roggeman', 'mental', 'SWICA');
insert into customer (id, age, gender, name, goal, insurance) values (66, 20, 'F', 'Marieann O'' Mara', 'physical', 'Sanitas');
insert into customer (id, age, gender, name, goal, insurance) values (67, 19, 'M', 'Gregorius Thon', 'physical', 'Helsana');
insert into customer (id, age, gender, name, goal, insurance) values (68, 18, 'F', 'Pearle Yatman', 'physical', 'Helsana');
insert into customer (id, age, gender, name, goal, insurance) values (69, 63, 'F', 'Grethel Coniam', 'mental', 'Sanitas');
insert into customer (id, age, gender, name, goal, insurance) values (70, 37, 'F', 'Zorana Grason', 'physical', 'SWICA');
insert into customer (id, age, gender, name, goal, insurance) values (71, 36, 'F', 'Ruby Waterland', 'physical', 'Visana');
insert into customer (id, age, gender, name, goal, insurance) values (72, 37, 'F', 'Marin Yglesias', 'mental', 'Visana');
insert into customer (id, age, gender, name, goal, insurance) values (73, 55, 'M', 'Giordano Fawdery', 'physical', 'SWICA');
insert into customer (id, age, gender, name, goal, insurance) values (74, 27, 'F', 'Kakalina Brounsell', 'physical', 'Visana');
insert into customer (id, age, gender, name, goal, insurance) values (75, 38, 'F', 'Raf Maydway', 'mental', 'Helsana');
insert into customer (id, age, gender, name, goal, insurance) values (76, 24, 'M', 'Wheeler Chellam', 'physical', 'Visana');
insert into customer (id, age, gender, name, goal, insurance) values (77, 42, 'F', 'Brita Pietasch', 'mental', 'Sanitas');
insert into customer (id, age, gender, name, goal, insurance) values (78, 22, 'F', 'Celinka William', 'physical', 'Helsana');
insert into customer (id, age, gender, name, goal, insurance) values (79, 60, 'M', 'Tymothy Hawksley', 'physical', 'Visana');
insert into customer (id, age, gender, name, goal, insurance) values (80, 36, 'F', 'Cassey Jarman', 'physical', 'Helsana');
insert into customer (id, age, gender, name, goal, insurance) values (81, 51, 'F', 'Corabella Liccardi', 'physical', 'Visana');
insert into customer (id, age, gender, name, goal, insurance) values (82, 49, 'M', 'Maxim Kiggel', 'physical', 'Visana');
insert into customer (id, age, gender, name, goal, insurance) values (83, 38, 'M', 'Mayer Godmar', 'physical', 'Helsana');
insert into customer (id, age, gender, name, goal, insurance) values (84, 56, 'M', 'Vittorio Erskine', 'mental', 'Visana');
insert into customer (id, age, gender, name, goal, insurance) values (85, 44, 'F', 'Antonietta Fullicks', 'physical', 'Visana');
insert into customer (id, age, gender, name, goal, insurance) values (86, 47, 'M', 'Lowe Docksey', 'physical', 'Sanitas');
insert into customer (id, age, gender, name, goal, insurance) values (87, 46, 'F', 'Claudie Bullock', 'physical', 'Helsana');
insert into customer (id, age, gender, name, goal, insurance) values (88, 40, 'F', 'Georgetta Walbrun', 'physical', 'Sanitas');
insert into customer (id, age, gender, name, goal, insurance) values (89, 21, 'F', 'Elicia Longo', 'physical', 'Helsana');
insert into customer (id, age, gender, name, goal, insurance) values (90, 58, 'M', 'Wendell MacPake', 'physical', 'Helsana');
insert into customer (id, age, gender, name, goal, insurance) values (91, 56, 'F', 'Tish Snugg', 'physical', 'Visana');
insert into customer (id, age, gender, name, goal, insurance) values (92, 58, 'F', 'Juliette Kenealy', 'mental', 'Sanitas');
insert into customer (id, age, gender, name, goal, insurance) values (93, 60, 'F', 'Zia Pardew', 'physical', 'Sanitas');
insert into customer (id, age, gender, name, goal, insurance) values (94, 55, 'F', 'Paige Schout', 'physical', 'Visana');
insert into customer (id, age, gender, name, goal, insurance) values (95, 37, 'M', 'Rickie Clothier', 'physical', 'Visana');
insert into customer (id, age, gender, name, goal, insurance) values (96, 20, 'M', 'Lawrence Hartle', 'physical', 'SWICA');
insert into customer (id, age, gender, name, goal, insurance) values (97, 39, 'F', 'Faye Deeth', 'mental', 'SWICA');
insert into customer (id, age, gender, name, goal, insurance) values (98, 33, 'M', 'Brandyn Keys', 'physical', 'SWICA');
insert into customer (id, age, gender, name, goal, insurance) values (99, 28, 'M', 'Arri Petren', 'mental', 'Helsana');
insert into customer (id, age, gender, name, goal, insurance) values (100, 59, 'F', 'Evelina Dargue', 'physical', 'Visana');
insert into coach (id, age, gender, name, experience, subject_area) values (1, 53, 'F', 'Jorrie Hulles', 9, 'Sport');
insert into coach (id, age, gender, name, experience, subject_area) values (2, 56, 'F', 'Quintilla Cumming', 15, 'Sport');
insert into coach (id, age, gender, name, experience, subject_area) values (3, 59, 'M', 'Barnabas Dunsmore', 40, 'Sport');
insert into coach (id, age, gender, name, experience, subject_area) values (4, 56, 'F', 'Calli Ubsdale', 9, 'Psychology');
insert into coach (id, age, gender, name, experience, subject_area) values (5, 21, 'M', 'Silvio Hadwen', 16, 'Sport');
insert into coach (id, age, gender, name, experience, subject_area) values (6, 51, 'M', 'Pren Thebes', 6, 'Sport');
insert into coach (id, age, gender, name, experience, subject_area) values (7, 21, 'M', 'Rodge Berrick', 15, 'Sport');
insert into coach (id, age, gender, name, experience, subject_area) values (8, 21, 'M', 'Alvis Tuppeny', 11, 'Psychology');
insert into coach (id, age, gender, name, experience, subject_area) values (9, 64, 'M', 'Clayton Payfoot', 31, 'Psychology');
insert into coach (id, age, gender, name, experience, subject_area) values (10, 52, 'F', 'Berte Bravey', 27, 'Psychology');
insert into coach (id, age, gender, name, experience, subject_area) values (11, 29, 'M', 'Fernando Judkins', 10, 'Psychology');
insert into coach (id, age, gender, name, experience, subject_area) values (12, 56, 'F', 'Etty Busse', 1, 'Sport');
insert into coach (id, age, gender, name, experience, subject_area) values (13, 54, 'M', 'Avictor Pucker', 31, 'Psychology');
insert into coach (id, age, gender, name, experience, subject_area) values (14, 42, 'M', 'Burr Chattaway', 33, 'Sport');
insert into coach (id, age, gender, name, experience, subject_area) values (15, 62, 'M', 'Farleigh Henrichs', 22, 'Sport');
insert into coach (id, age, gender, name, experience, subject_area) values (16, 36, 'F', 'Vanni Krishtopaittis', 30, 'Psychology');
insert into coach (id, age, gender, name, experience, subject_area) values (17, 29, 'F', 'Gusta Clerke', 16, 'Psychology');
insert into coach (id, age, gender, name, experience, subject_area) values (18, 19, 'F', 'Rozina Woffinden', 4, 'Sport');
insert into coach (id, age, gender, name, experience, subject_area) values (19, 41, 'M', 'Brent Davioud', 1, 'Sport');
insert into coach (id, age, gender, name, experience, subject_area) values (20, 58, 'M', 'Davon Ozintsev', 21, 'Sport');
insert into coach (id, age, gender, name, experience, subject_area) values (21, 45, 'M', 'Morie Cradock', 7, 'Sport');
insert into coach (id, age, gender, name, experience, subject_area) values (22, 63, 'F', 'Gerladina Dysert', 28, 'Psychology');
insert into coach (id, age, gender, name, experience, subject_area) values (23, 57, 'M', 'Cosimo Gilmore', 23, 'Sport');
insert into coach (id, age, gender, name, experience, subject_area) values (24, 46, 'M', 'Griz Sibbald', 33, 'Sport');
insert into coach (id, age, gender, name, experience, subject_area) values (25, 33, 'F', 'Rycca Shuttlewood', 21, 'Psychology');
insert into coach (id, age, gender, name, experience, subject_area) values (26, 54, 'F', 'Kyla Kedie', 8, 'Sport');
insert into coach (id, age, gender, name, experience, subject_area) values (27, 40, 'M', 'Reagan Johncey', 22, 'Psychology');
insert into coach (id, age, gender, name, experience, subject_area) values (28, 33, 'F', 'Wilhelmina Dudin', 13, 'Sport');
insert into coach (id, age, gender, name, experience, subject_area) values (29, 48, 'M', 'Pierce Treeby', 9, 'Psychology');
insert into coach (id, age, gender, name, experience, subject_area) values (30, 55, 'F', 'Carry Missington', 17, 'Sport');
insert into live_Session (id, name, sponsor, fk_customer_id) values (1, 'Sissy Brugman', 'Sanitas AG', 48);
insert into live_Session (id, name, sponsor, fk_customer_id) values (2, 'Jermaine Loukes', 'Sanitas AG', 80);
insert into live_Session (id, name, sponsor, fk_customer_id) values (3, 'Vivie Gianuzzi', 'Sanitas AG', 45);
insert into live_Session (id, name, sponsor, fk_customer_id) values (4, 'Nial Grimsdyke', 'Sanitas AG', 87);
insert into live_Session (id, name, sponsor, fk_customer_id) values (5, 'Gusty Dewing', 'Sanitas AG', 57);
insert into live_Session (id, name, sponsor, fk_customer_id) values (6, 'Edin Riply', 'Sanitas AG', 72);
insert into live_Session (id, name, sponsor, fk_customer_id) values (7, 'Nicole Copperwaite', 'Sanitas AG', 2);
insert into live_Session (id, name, sponsor, fk_customer_id) values (8, 'Netty Whaley', 'Sanitas AG', 27);
insert into live_Session (id, name, sponsor, fk_customer_id) values (9, 'Kelsey Smaridge', 'Sanitas AG', 44);
insert into live_Session (id, name, sponsor, fk_customer_id) values (10, 'Charisse Aspin', 'Sanitas AG', 57);
insert into live_Session (id, name, sponsor, fk_customer_id) values (11, 'Fiona Alday', 'Sanitas AG', 68);
insert into live_Session (id, name, sponsor, fk_customer_id) values (12, 'Nigel Breach', 'Sanitas AG', 91);
insert into live_Session (id, name, sponsor, fk_customer_id) values (13, 'Vernon Kalf', 'Sanitas AG', 88);
insert into live_Session (id, name, sponsor, fk_customer_id) values (14, 'Arabella Dacombe', 'Sanitas AG', 55);
insert into live_Session (id, name, sponsor, fk_customer_id) values (15, 'Gelya Giacomazzo', 'Sanitas AG', 97);
insert into live_Session (id, name, sponsor, fk_customer_id) values (16, 'Stanly Stot', 'Sanitas AG', 20);
insert into live_Session (id, name, sponsor, fk_customer_id) values (17, 'Sigismond Darragh', 'Sanitas AG', 6);
insert into live_Session (id, name, sponsor, fk_customer_id) values (18, 'Ede Burgwyn', 'Sanitas AG', 97);
insert into live_Session (id, name, sponsor, fk_customer_id) values (19, 'Eben Handrock', 'Sanitas AG', 60);
insert into live_Session (id, name, sponsor, fk_customer_id) values (20, 'Osbert Ben-Aharon', 'Sanitas AG', 96);
insert into session (id, duration, topic, fk_live_session_id) values (1, '16:58', 'Club Lichen', 17);
insert into session (id, duration, topic, fk_live_session_id) values (2, '12:00', 'Peruvian Spikemoss', 14);
insert into session (id, duration, topic, fk_live_session_id) values (3, '2:13', 'Mate', 3);
insert into session (id, duration, topic, fk_live_session_id) values (4, '6:57', 'Script Lichen', 20);
insert into session (id, duration, topic, fk_live_session_id) values (5, '1:49', 'Layne''s Monkeyflower', 3);
insert into session (id, duration, topic, fk_live_session_id) values (6, '3:42', 'Snowberry', 1);
insert into session (id, duration, topic, fk_live_session_id) values (7, '0:21', 'Turner''s Hawthorn', 8);
insert into session (id, duration, topic, fk_live_session_id) values (8, '2:31', 'Fernaldia', 14);
insert into session (id, duration, topic, fk_live_session_id) values (9, '14:33', 'Wedgeleaf Draba', 11);
insert into session (id, duration, topic, fk_live_session_id) values (10, '18:36', 'Orthotrichum Moss', 12);
insert into session (id, duration, topic, fk_live_session_id) values (11, '8:19', 'Scarlet Spiral-ginger', 13);
insert into session (id, duration, topic, fk_live_session_id) values (12, '1:30', 'Rinodina Lichen', 19);
insert into session (id, duration, topic, fk_live_session_id) values (13, '11:42', 'Cockerell''s Stonecrop', 20);
insert into session (id, duration, topic, fk_live_session_id) values (14, '19:21', 'Jepson''s Bedstraw', 1);
insert into session (id, duration, topic, fk_live_session_id) values (15, '2:35', 'Godfrey''s False Dragonhead', 6);
insert into session (id, duration, topic, fk_live_session_id) values (16, '21:13', 'Lapland Rosebay', 14);
insert into session (id, duration, topic, fk_live_session_id) values (17, '11:59', 'Molokai Colicwood', 4);
insert into session (id, duration, topic, fk_live_session_id) values (18, '12:03', 'Texas False Garlic', 6);
insert into session (id, duration, topic, fk_live_session_id) values (19, '11:11', 'Barneby''s Clover', 9);
insert into session (id, duration, topic, fk_live_session_id) values (20, '3:59', 'Eggyolk Lichen', 10);
insert into session (id, duration, topic, fk_live_session_id) values (21, '7:21', 'Globe Candytuft', 11);
insert into session (id, duration, topic, fk_live_session_id) values (22, '16:06', 'Coastal Plain Angelica', 20);
insert into session (id, duration, topic, fk_live_session_id) values (23, '8:21', 'Creeping Baby''s-breath', 15);
insert into session (id, duration, topic, fk_live_session_id) values (24, '22:39', 'Trinity Sphagnum', 12);
insert into session (id, duration, topic, fk_live_session_id) values (25, '8:58', 'Lavender Woollystar', 5);
insert into session (id, duration, topic, fk_live_session_id) values (26, '7:30', 'Mamoncillo', 4);
insert into session (id, duration, topic, fk_live_session_id) values (27, '11:01', 'White Panicle Aster', 3);
insert into session (id, duration, topic, fk_live_session_id) values (28, '22:05', 'Goldback Fern', 16);
insert into session (id, duration, topic, fk_live_session_id) values (29, '20:41', 'Zonal Geranium', 5);
insert into session (id, duration, topic, fk_live_session_id) values (30, '11:29', 'Red Hempnettle', 8);
insert into session (id, duration, topic, fk_live_session_id) values (31, '22:45', 'Lanceleaf Tickseed', 9);
insert into session (id, duration, topic, fk_live_session_id) values (32, '22:19', 'Goose Tongue', 19);
insert into session (id, duration, topic, fk_live_session_id) values (33, '19:44', 'Sweet White Violet', 20);
insert into session (id, duration, topic, fk_live_session_id) values (34, '16:48', 'Blacktack Phacelia', 6);
insert into session (id, duration, topic, fk_live_session_id) values (35, '5:29', 'Yellowtuft', 14);
insert into session (id, duration, topic, fk_live_session_id) values (36, '10:52', 'Parry''s Sedge', 15);
insert into session (id, duration, topic, fk_live_session_id) values (37, '21:19', 'Common Alplily', 19);
insert into session (id, duration, topic, fk_live_session_id) values (38, '19:18', 'Locust', 11);
insert into session (id, duration, topic, fk_live_session_id) values (39, '1:29', 'Trujillo Coca', 9);
insert into session (id, duration, topic, fk_live_session_id) values (40, '15:41', 'Tolmie Star-tulip', 1);
insert into session (id, duration, topic, fk_live_session_id) values (41, '5:49', 'Peony', 5);
insert into session (id, duration, topic, fk_live_session_id) values (42, '14:50', 'Divided Rockcress', 9);
insert into session (id, duration, topic, fk_live_session_id) values (43, '23:52', 'Scarlet Beardtongue', 17);
insert into session (id, duration, topic, fk_live_session_id) values (44, '9:03', 'Maricao Rodwood', 8);
insert into session (id, duration, topic, fk_live_session_id) values (45, '11:16', 'Shaggy Blazing Star', 9);
insert into session (id, duration, topic, fk_live_session_id) values (46, '2:09', 'Schlegelia', 11);
insert into session (id, duration, topic, fk_live_session_id) values (47, '0:42', 'Vervain', 8);
insert into session (id, duration, topic, fk_live_session_id) values (48, '21:03', 'Hippocratea', 17);
insert into session (id, duration, topic, fk_live_session_id) values (49, '10:46', 'Blue Ridge Shield Lichen', 9);
insert into session (id, duration, topic, fk_live_session_id) values (50, '7:19', 'Chamaedorea', 16);
insert into diary (id, sponsor, category, fk_customer_id) values (1, 'Sanitas AG', 'yearly', 3);
insert into diary (id, sponsor, category, fk_customer_id) values (2, 'Sanitas AG', 'yearly', 62);
insert into diary (id, sponsor, category, fk_customer_id) values (3, 'Sanitas AG', 'daily', 15);
insert into diary (id, sponsor, category, fk_customer_id) values (4, 'Sanitas AG', 'weekly', 49);
insert into diary (id, sponsor, category, fk_customer_id) values (5, 'Sanitas AG', 'weekly', 81);
insert into diary (id, sponsor, category, fk_customer_id) values (6, 'Sanitas AG', 'yearly', 1);
insert into diary (id, sponsor, category, fk_customer_id) values (7, 'Sanitas AG', 'yearly', 13);
insert into diary (id, sponsor, category, fk_customer_id) values (8, 'Sanitas AG', 'yearly', 29);
insert into diary (id, sponsor, category, fk_customer_id) values (9, 'Sanitas AG', 'weekly', 79);
insert into diary (id, sponsor, category, fk_customer_id) values (10, 'Sanitas AG', 'weekly', 24);
insert into diary (id, sponsor, category, fk_customer_id) values (11, 'Sanitas AG', 'weekly', 81);
insert into diary (id, sponsor, category, fk_customer_id) values (12, 'Sanitas AG', 'weekly', 91);
insert into diary (id, sponsor, category, fk_customer_id) values (13, 'Sanitas AG', 'weekly', 49);
insert into diary (id, sponsor, category, fk_customer_id) values (14, 'Sanitas AG', 'yearly', 72);
insert into diary (id, sponsor, category, fk_customer_id) values (15, 'Sanitas AG', 'daily', 18);
insert into diary (id, sponsor, category, fk_customer_id) values (16, 'Sanitas AG', 'daily', 9);
insert into diary (id, sponsor, category, fk_customer_id) values (17, 'Sanitas AG', 'daily', 42);
insert into diary (id, sponsor, category, fk_customer_id) values (18, 'Sanitas AG', 'daily', 61);
insert into diary (id, sponsor, category, fk_customer_id) values (19, 'Sanitas AG', 'yearly', 39);
insert into diary (id, sponsor, category, fk_customer_id) values (20, 'Sanitas AG', 'weekly', 43);
insert into diary (id, sponsor, category, fk_customer_id) values (21, 'Sanitas AG', 'daily', 86);
insert into diary (id, sponsor, category, fk_customer_id) values (22, 'Sanitas AG', 'yearly', 44);
insert into diary (id, sponsor, category, fk_customer_id) values (23, 'Sanitas AG', 'weekly', 62);
insert into diary (id, sponsor, category, fk_customer_id) values (24, 'Sanitas AG', 'yearly', 54);
insert into diary (id, sponsor, category, fk_customer_id) values (25, 'Sanitas AG', 'yearly', 64);
insert into diary (id, sponsor, category, fk_customer_id) values (26, 'Sanitas AG', 'weekly', 18);
insert into diary (id, sponsor, category, fk_customer_id) values (27, 'Sanitas AG', 'weekly', 91);
insert into diary (id, sponsor, category, fk_customer_id) values (28, 'Sanitas AG', 'weekly', 83);
insert into diary (id, sponsor, category, fk_customer_id) values (29, 'Sanitas AG', 'yearly', 12);
insert into diary (id, sponsor, category, fk_customer_id) values (30, 'Sanitas AG', 'daily', 15);
insert into diary (id, sponsor, category, fk_customer_id) values (31, 'Sanitas AG', 'yearly', 1);
insert into diary (id, sponsor, category, fk_customer_id) values (32, 'Sanitas AG', 'weekly', 83);
insert into diary (id, sponsor, category, fk_customer_id) values (33, 'Sanitas AG', 'yearly', 68);
insert into diary (id, sponsor, category, fk_customer_id) values (34, 'Sanitas AG', 'daily', 68);
insert into diary (id, sponsor, category, fk_customer_id) values (35, 'Sanitas AG', 'daily', 25);
insert into diary (id, sponsor, category, fk_customer_id) values (36, 'Sanitas AG', 'daily', 10);
insert into diary (id, sponsor, category, fk_customer_id) values (37, 'Sanitas AG', 'weekly', 35);
insert into diary (id, sponsor, category, fk_customer_id) values (38, 'Sanitas AG', 'yearly', 16);
insert into diary (id, sponsor, category, fk_customer_id) values (39, 'Sanitas AG', 'yearly', 5);
insert into diary (id, sponsor, category, fk_customer_id) values (40, 'Sanitas AG', 'weekly', 30);
insert into diary (id, sponsor, category, fk_customer_id) values (41, 'Sanitas AG', 'weekly', 87);
insert into diary (id, sponsor, category, fk_customer_id) values (42, 'Sanitas AG', 'yearly', 38);
insert into diary (id, sponsor, category, fk_customer_id) values (43, 'Sanitas AG', 'yearly', 24);
insert into diary (id, sponsor, category, fk_customer_id) values (44, 'Sanitas AG', 'weekly', 56);
insert into diary (id, sponsor, category, fk_customer_id) values (45, 'Sanitas AG', 'weekly', 58);
insert into diary (id, sponsor, category, fk_customer_id) values (46, 'Sanitas AG', 'daily', 26);
insert into diary (id, sponsor, category, fk_customer_id) values (47, 'Sanitas AG', 'yearly', 25);
insert into diary (id, sponsor, category, fk_customer_id) values (48, 'Sanitas AG', 'weekly', 92);
insert into diary (id, sponsor, category, fk_customer_id) values (49, 'Sanitas AG', 'daily', 18);
insert into diary (id, sponsor, category, fk_customer_id) values (50, 'Sanitas AG', 'daily', 85);
insert into diary (id, sponsor, category, fk_customer_id) values (51, 'Sanitas AG', 'weekly', 76);
insert into diary (id, sponsor, category, fk_customer_id) values (52, 'Sanitas AG', 'yearly', 81);
insert into diary (id, sponsor, category, fk_customer_id) values (53, 'Sanitas AG', 'daily', 66);
insert into diary (id, sponsor, category, fk_customer_id) values (54, 'Sanitas AG', 'daily', 98);
insert into diary (id, sponsor, category, fk_customer_id) values (55, 'Sanitas AG', 'daily', 94);
insert into diary (id, sponsor, category, fk_customer_id) values (56, 'Sanitas AG', 'weekly', 60);
insert into diary (id, sponsor, category, fk_customer_id) values (57, 'Sanitas AG', 'weekly', 65);
insert into diary (id, sponsor, category, fk_customer_id) values (58, 'Sanitas AG', 'daily', 69);
insert into diary (id, sponsor, category, fk_customer_id) values (59, 'Sanitas AG', 'daily', 26);
insert into diary (id, sponsor, category, fk_customer_id) values (60, 'Sanitas AG', 'daily', 67);
insert into diary (id, sponsor, category, fk_customer_id) values (61, 'Sanitas AG', 'daily', 41);
insert into diary (id, sponsor, category, fk_customer_id) values (62, 'Sanitas AG', 'yearly', 11);
insert into diary (id, sponsor, category, fk_customer_id) values (63, 'Sanitas AG', 'yearly', 40);
insert into diary (id, sponsor, category, fk_customer_id) values (64, 'Sanitas AG', 'yearly', 54);
insert into diary (id, sponsor, category, fk_customer_id) values (65, 'Sanitas AG', 'daily', 51);
insert into diary (id, sponsor, category, fk_customer_id) values (66, 'Sanitas AG', 'yearly', 88);
insert into diary (id, sponsor, category, fk_customer_id) values (67, 'Sanitas AG', 'weekly', 65);
insert into diary (id, sponsor, category, fk_customer_id) values (68, 'Sanitas AG', 'weekly', 21);
insert into diary (id, sponsor, category, fk_customer_id) values (69, 'Sanitas AG', 'yearly', 24);
insert into diary (id, sponsor, category, fk_customer_id) values (70, 'Sanitas AG', 'daily', 64);
insert into diary (id, sponsor, category, fk_customer_id) values (71, 'Sanitas AG', 'yearly', 73);
insert into diary (id, sponsor, category, fk_customer_id) values (72, 'Sanitas AG', 'yearly', 31);
insert into diary (id, sponsor, category, fk_customer_id) values (73, 'Sanitas AG', 'yearly', 84);
insert into diary (id, sponsor, category, fk_customer_id) values (74, 'Sanitas AG', 'yearly', 25);
insert into diary (id, sponsor, category, fk_customer_id) values (75, 'Sanitas AG', 'daily', 14);
insert into diary (id, sponsor, category, fk_customer_id) values (76, 'Sanitas AG', 'yearly', 14);
insert into diary (id, sponsor, category, fk_customer_id) values (77, 'Sanitas AG', 'daily', 12);
insert into diary (id, sponsor, category, fk_customer_id) values (78, 'Sanitas AG', 'yearly', 82);
insert into diary (id, sponsor, category, fk_customer_id) values (79, 'Sanitas AG', 'weekly', 6);
insert into diary (id, sponsor, category, fk_customer_id) values (80, 'Sanitas AG', 'daily', 15);
insert into diary (id, sponsor, category, fk_customer_id) values (81, 'Sanitas AG', 'weekly', 38);
insert into diary (id, sponsor, category, fk_customer_id) values (82, 'Sanitas AG', 'yearly', 72);
insert into diary (id, sponsor, category, fk_customer_id) values (83, 'Sanitas AG', 'daily', 75);
insert into diary (id, sponsor, category, fk_customer_id) values (84, 'Sanitas AG', 'weekly', 25);
insert into diary (id, sponsor, category, fk_customer_id) values (85, 'Sanitas AG', 'daily', 77);
insert into diary (id, sponsor, category, fk_customer_id) values (86, 'Sanitas AG', 'yearly', 18);
insert into diary (id, sponsor, category, fk_customer_id) values (87, 'Sanitas AG', 'yearly', 78);
insert into diary (id, sponsor, category, fk_customer_id) values (88, 'Sanitas AG', 'weekly', 38);
insert into diary (id, sponsor, category, fk_customer_id) values (89, 'Sanitas AG', 'weekly', 86);
insert into diary (id, sponsor, category, fk_customer_id) values (90, 'Sanitas AG', 'daily', 77);
insert into diary (id, sponsor, category, fk_customer_id) values (91, 'Sanitas AG', 'daily', 90);
insert into diary (id, sponsor, category, fk_customer_id) values (92, 'Sanitas AG', 'yearly', 6);
insert into diary (id, sponsor, category, fk_customer_id) values (93, 'Sanitas AG', 'yearly', 82);
insert into diary (id, sponsor, category, fk_customer_id) values (94, 'Sanitas AG', 'weekly', 27);
insert into diary (id, sponsor, category, fk_customer_id) values (95, 'Sanitas AG', 'weekly', 26);
insert into diary (id, sponsor, category, fk_customer_id) values (96, 'Sanitas AG', 'weekly', 89);
insert into diary (id, sponsor, category, fk_customer_id) values (97, 'Sanitas AG', 'yearly', 59);
insert into diary (id, sponsor, category, fk_customer_id) values (98, 'Sanitas AG', 'weekly', 37);
insert into diary (id, sponsor, category, fk_customer_id) values (99, 'Sanitas AG', 'daily', 88);
insert into diary (id, sponsor, category, fk_customer_id) values (100, 'Sanitas AG', 'yearly', 4);
insert into diary (id, sponsor, category, fk_customer_id) values (101, 'Sanitas AG', 'daily', 1);
insert into diary (id, sponsor, category, fk_customer_id) values (102, 'Sanitas AG', 'weekly', 22);
insert into diary (id, sponsor, category, fk_customer_id) values (103, 'Sanitas AG', 'daily', 85);
insert into diary (id, sponsor, category, fk_customer_id) values (104, 'Sanitas AG', 'daily', 28);
insert into diary (id, sponsor, category, fk_customer_id) values (105, 'Sanitas AG', 'daily', 75);
insert into diary (id, sponsor, category, fk_customer_id) values (106, 'Sanitas AG', 'daily', 82);
insert into diary (id, sponsor, category, fk_customer_id) values (107, 'Sanitas AG', 'daily', 74);
insert into diary (id, sponsor, category, fk_customer_id) values (108, 'Sanitas AG', 'yearly', 50);
insert into diary (id, sponsor, category, fk_customer_id) values (109, 'Sanitas AG', 'daily', 6);
insert into diary (id, sponsor, category, fk_customer_id) values (110, 'Sanitas AG', 'weekly', 51);
insert into diary (id, sponsor, category, fk_customer_id) values (111, 'Sanitas AG', 'daily', 25);
insert into diary (id, sponsor, category, fk_customer_id) values (112, 'Sanitas AG', 'yearly', 22);
insert into diary (id, sponsor, category, fk_customer_id) values (113, 'Sanitas AG', 'yearly', 37);
insert into diary (id, sponsor, category, fk_customer_id) values (114, 'Sanitas AG', 'daily', 27);
insert into diary (id, sponsor, category, fk_customer_id) values (115, 'Sanitas AG', 'weekly', 96);
insert into diary (id, sponsor, category, fk_customer_id) values (116, 'Sanitas AG', 'yearly', 10);
insert into diary (id, sponsor, category, fk_customer_id) values (117, 'Sanitas AG', 'daily', 78);
insert into diary (id, sponsor, category, fk_customer_id) values (118, 'Sanitas AG', 'weekly', 44);
insert into diary (id, sponsor, category, fk_customer_id) values (119, 'Sanitas AG', 'weekly', 90);
insert into diary (id, sponsor, category, fk_customer_id) values (120, 'Sanitas AG', 'weekly', 61);
insert into diary (id, sponsor, category, fk_customer_id) values (121, 'Sanitas AG', 'weekly', 8);
insert into diary (id, sponsor, category, fk_customer_id) values (122, 'Sanitas AG', 'weekly', 11);
insert into diary (id, sponsor, category, fk_customer_id) values (123, 'Sanitas AG', 'daily', 42);
insert into diary (id, sponsor, category, fk_customer_id) values (124, 'Sanitas AG', 'weekly', 26);
insert into diary (id, sponsor, category, fk_customer_id) values (125, 'Sanitas AG', 'weekly', 21);
insert into diary (id, sponsor, category, fk_customer_id) values (126, 'Sanitas AG', 'yearly', 84);
insert into diary (id, sponsor, category, fk_customer_id) values (127, 'Sanitas AG', 'weekly', 93);
insert into diary (id, sponsor, category, fk_customer_id) values (128, 'Sanitas AG', 'daily', 77);
insert into diary (id, sponsor, category, fk_customer_id) values (129, 'Sanitas AG', 'daily', 50);
insert into diary (id, sponsor, category, fk_customer_id) values (130, 'Sanitas AG', 'daily', 79);
insert into diary (id, sponsor, category, fk_customer_id) values (131, 'Sanitas AG', 'weekly', 99);
insert into diary (id, sponsor, category, fk_customer_id) values (132, 'Sanitas AG', 'weekly', 52);
insert into diary (id, sponsor, category, fk_customer_id) values (133, 'Sanitas AG', 'weekly', 92);
insert into diary (id, sponsor, category, fk_customer_id) values (134, 'Sanitas AG', 'yearly', 86);
insert into diary (id, sponsor, category, fk_customer_id) values (135, 'Sanitas AG', 'yearly', 26);
insert into diary (id, sponsor, category, fk_customer_id) values (136, 'Sanitas AG', 'yearly', 6);
insert into diary (id, sponsor, category, fk_customer_id) values (137, 'Sanitas AG', 'daily', 40);
insert into diary (id, sponsor, category, fk_customer_id) values (138, 'Sanitas AG', 'yearly', 1);
insert into diary (id, sponsor, category, fk_customer_id) values (139, 'Sanitas AG', 'daily', 64);
insert into diary (id, sponsor, category, fk_customer_id) values (140, 'Sanitas AG', 'weekly', 57);
insert into diary (id, sponsor, category, fk_customer_id) values (141, 'Sanitas AG', 'daily', 41);
insert into diary (id, sponsor, category, fk_customer_id) values (142, 'Sanitas AG', 'weekly', 68);
insert into diary (id, sponsor, category, fk_customer_id) values (143, 'Sanitas AG', 'yearly', 100);
insert into diary (id, sponsor, category, fk_customer_id) values (144, 'Sanitas AG', 'weekly', 36);
insert into diary (id, sponsor, category, fk_customer_id) values (145, 'Sanitas AG', 'yearly', 44);
insert into diary (id, sponsor, category, fk_customer_id) values (146, 'Sanitas AG', 'yearly', 100);
insert into diary (id, sponsor, category, fk_customer_id) values (147, 'Sanitas AG', 'daily', 100);
insert into diary (id, sponsor, category, fk_customer_id) values (148, 'Sanitas AG', 'yearly', 73);
insert into diary (id, sponsor, category, fk_customer_id) values (149, 'Sanitas AG', 'weekly', 81);
insert into diary (id, sponsor, category, fk_customer_id) values (150, 'Sanitas AG', 'weekly', 46);
insert into diary (id, sponsor, category, fk_customer_id) values (151, 'Sanitas AG', 'weekly', 13);
insert into diary (id, sponsor, category, fk_customer_id) values (152, 'Sanitas AG', 'weekly', 96);
insert into diary (id, sponsor, category, fk_customer_id) values (153, 'Sanitas AG', 'weekly', 35);
insert into diary (id, sponsor, category, fk_customer_id) values (154, 'Sanitas AG', 'yearly', 37);
insert into diary (id, sponsor, category, fk_customer_id) values (155, 'Sanitas AG', 'weekly', 65);
insert into diary (id, sponsor, category, fk_customer_id) values (156, 'Sanitas AG', 'daily', 5);
insert into diary (id, sponsor, category, fk_customer_id) values (157, 'Sanitas AG', 'daily', 27);
insert into diary (id, sponsor, category, fk_customer_id) values (158, 'Sanitas AG', 'yearly', 51);
insert into diary (id, sponsor, category, fk_customer_id) values (159, 'Sanitas AG', 'yearly', 64);
insert into diary (id, sponsor, category, fk_customer_id) values (160, 'Sanitas AG', 'yearly', 89);
insert into diary (id, sponsor, category, fk_customer_id) values (161, 'Sanitas AG', 'daily', 6);
insert into diary (id, sponsor, category, fk_customer_id) values (162, 'Sanitas AG', 'weekly', 63);
insert into diary (id, sponsor, category, fk_customer_id) values (163, 'Sanitas AG', 'weekly', 89);
insert into diary (id, sponsor, category, fk_customer_id) values (164, 'Sanitas AG', 'daily', 10);
insert into diary (id, sponsor, category, fk_customer_id) values (165, 'Sanitas AG', 'daily', 65);
insert into diary (id, sponsor, category, fk_customer_id) values (166, 'Sanitas AG', 'daily', 96);
insert into diary (id, sponsor, category, fk_customer_id) values (167, 'Sanitas AG', 'daily', 84);
insert into diary (id, sponsor, category, fk_customer_id) values (168, 'Sanitas AG', 'daily', 27);
insert into diary (id, sponsor, category, fk_customer_id) values (169, 'Sanitas AG', 'yearly', 2);
insert into diary (id, sponsor, category, fk_customer_id) values (170, 'Sanitas AG', 'weekly', 100);
insert into diary (id, sponsor, category, fk_customer_id) values (171, 'Sanitas AG', 'daily', 1);
insert into diary (id, sponsor, category, fk_customer_id) values (172, 'Sanitas AG', 'daily', 3);
insert into diary (id, sponsor, category, fk_customer_id) values (173, 'Sanitas AG', 'yearly', 49);
insert into diary (id, sponsor, category, fk_customer_id) values (174, 'Sanitas AG', 'yearly', 15);
insert into diary (id, sponsor, category, fk_customer_id) values (175, 'Sanitas AG', 'yearly', 37);
insert into diary (id, sponsor, category, fk_customer_id) values (176, 'Sanitas AG', 'weekly', 74);
insert into diary (id, sponsor, category, fk_customer_id) values (177, 'Sanitas AG', 'weekly', 99);
insert into diary (id, sponsor, category, fk_customer_id) values (178, 'Sanitas AG', 'weekly', 28);
insert into diary (id, sponsor, category, fk_customer_id) values (179, 'Sanitas AG', 'daily', 14);
insert into diary (id, sponsor, category, fk_customer_id) values (180, 'Sanitas AG', 'yearly', 61);
insert into diary (id, sponsor, category, fk_customer_id) values (181, 'Sanitas AG', 'daily', 5);
insert into diary (id, sponsor, category, fk_customer_id) values (182, 'Sanitas AG', 'yearly', 29);
insert into diary (id, sponsor, category, fk_customer_id) values (183, 'Sanitas AG', 'weekly', 23);
insert into diary (id, sponsor, category, fk_customer_id) values (184, 'Sanitas AG', 'weekly', 13);
insert into diary (id, sponsor, category, fk_customer_id) values (185, 'Sanitas AG', 'daily', 39);
insert into diary (id, sponsor, category, fk_customer_id) values (186, 'Sanitas AG', 'weekly', 68);
insert into diary (id, sponsor, category, fk_customer_id) values (187, 'Sanitas AG', 'daily', 38);
insert into diary (id, sponsor, category, fk_customer_id) values (188, 'Sanitas AG', 'weekly', 11);
insert into diary (id, sponsor, category, fk_customer_id) values (189, 'Sanitas AG', 'daily', 16);
insert into diary (id, sponsor, category, fk_customer_id) values (190, 'Sanitas AG', 'daily', 76);
insert into diary (id, sponsor, category, fk_customer_id) values (191, 'Sanitas AG', 'daily', 61);
insert into diary (id, sponsor, category, fk_customer_id) values (192, 'Sanitas AG', 'yearly', 25);
insert into diary (id, sponsor, category, fk_customer_id) values (193, 'Sanitas AG', 'yearly', 29);
insert into diary (id, sponsor, category, fk_customer_id) values (194, 'Sanitas AG', 'weekly', 96);
insert into diary (id, sponsor, category, fk_customer_id) values (195, 'Sanitas AG', 'daily', 64);
insert into diary (id, sponsor, category, fk_customer_id) values (196, 'Sanitas AG', 'daily', 9);
insert into diary (id, sponsor, category, fk_customer_id) values (197, 'Sanitas AG', 'yearly', 49);
insert into diary (id, sponsor, category, fk_customer_id) values (198, 'Sanitas AG', 'weekly', 2);
insert into diary (id, sponsor, category, fk_customer_id) values (199, 'Sanitas AG', 'daily', 15);
insert into diary (id, sponsor, category, fk_customer_id) values (200, 'Sanitas AG', 'daily', 3);
insert into diary (id, sponsor, category, fk_customer_id) values (201, 'Sanitas AG', 'daily', 12);
insert into diary (id, sponsor, category, fk_customer_id) values (202, 'Sanitas AG', 'daily', 82);
insert into diary (id, sponsor, category, fk_customer_id) values (203, 'Sanitas AG', 'weekly', 35);
insert into diary (id, sponsor, category, fk_customer_id) values (204, 'Sanitas AG', 'daily', 15);
insert into diary (id, sponsor, category, fk_customer_id) values (205, 'Sanitas AG', 'daily', 67);
insert into diary (id, sponsor, category, fk_customer_id) values (206, 'Sanitas AG', 'daily', 79);
insert into diary (id, sponsor, category, fk_customer_id) values (207, 'Sanitas AG', 'weekly', 48);
insert into diary (id, sponsor, category, fk_customer_id) values (208, 'Sanitas AG', 'weekly', 54);
insert into diary (id, sponsor, category, fk_customer_id) values (209, 'Sanitas AG', 'daily', 80);
insert into diary (id, sponsor, category, fk_customer_id) values (210, 'Sanitas AG', 'daily', 41);
insert into diary (id, sponsor, category, fk_customer_id) values (211, 'Sanitas AG', 'weekly', 23);
insert into diary (id, sponsor, category, fk_customer_id) values (212, 'Sanitas AG', 'yearly', 98);
insert into diary (id, sponsor, category, fk_customer_id) values (213, 'Sanitas AG', 'weekly', 4);
insert into diary (id, sponsor, category, fk_customer_id) values (214, 'Sanitas AG', 'daily', 23);
insert into diary (id, sponsor, category, fk_customer_id) values (215, 'Sanitas AG', 'weekly', 24);
insert into diary (id, sponsor, category, fk_customer_id) values (216, 'Sanitas AG', 'yearly', 29);
insert into diary (id, sponsor, category, fk_customer_id) values (217, 'Sanitas AG', 'daily', 77);
insert into diary (id, sponsor, category, fk_customer_id) values (218, 'Sanitas AG', 'yearly', 40);
insert into diary (id, sponsor, category, fk_customer_id) values (219, 'Sanitas AG', 'weekly', 79);
insert into diary (id, sponsor, category, fk_customer_id) values (220, 'Sanitas AG', 'daily', 11);
insert into diary (id, sponsor, category, fk_customer_id) values (221, 'Sanitas AG', 'weekly', 6);
insert into diary (id, sponsor, category, fk_customer_id) values (222, 'Sanitas AG', 'daily', 3);
insert into diary (id, sponsor, category, fk_customer_id) values (223, 'Sanitas AG', 'weekly', 49);
insert into diary (id, sponsor, category, fk_customer_id) values (224, 'Sanitas AG', 'yearly', 24);
insert into diary (id, sponsor, category, fk_customer_id) values (225, 'Sanitas AG', 'daily', 23);
insert into diary (id, sponsor, category, fk_customer_id) values (226, 'Sanitas AG', 'daily', 20);
insert into diary (id, sponsor, category, fk_customer_id) values (227, 'Sanitas AG', 'daily', 58);
insert into diary (id, sponsor, category, fk_customer_id) values (228, 'Sanitas AG', 'yearly', 36);
insert into diary (id, sponsor, category, fk_customer_id) values (229, 'Sanitas AG', 'weekly', 50);
insert into diary (id, sponsor, category, fk_customer_id) values (230, 'Sanitas AG', 'yearly', 3);
insert into diary (id, sponsor, category, fk_customer_id) values (231, 'Sanitas AG', 'weekly', 23);
insert into diary (id, sponsor, category, fk_customer_id) values (232, 'Sanitas AG', 'weekly', 81);
insert into diary (id, sponsor, category, fk_customer_id) values (233, 'Sanitas AG', 'yearly', 7);
insert into diary (id, sponsor, category, fk_customer_id) values (234, 'Sanitas AG', 'yearly', 5);
insert into diary (id, sponsor, category, fk_customer_id) values (235, 'Sanitas AG', 'weekly', 26);
insert into diary (id, sponsor, category, fk_customer_id) values (236, 'Sanitas AG', 'daily', 31);
insert into diary (id, sponsor, category, fk_customer_id) values (237, 'Sanitas AG', 'weekly', 54);
insert into diary (id, sponsor, category, fk_customer_id) values (238, 'Sanitas AG', 'weekly', 74);
insert into diary (id, sponsor, category, fk_customer_id) values (239, 'Sanitas AG', 'yearly', 33);
insert into diary (id, sponsor, category, fk_customer_id) values (240, 'Sanitas AG', 'weekly', 67);
insert into diary (id, sponsor, category, fk_customer_id) values (241, 'Sanitas AG', 'daily', 87);
insert into diary (id, sponsor, category, fk_customer_id) values (242, 'Sanitas AG', 'weekly', 82);
insert into diary (id, sponsor, category, fk_customer_id) values (243, 'Sanitas AG', 'yearly', 49);
insert into diary (id, sponsor, category, fk_customer_id) values (244, 'Sanitas AG', 'weekly', 73);
insert into diary (id, sponsor, category, fk_customer_id) values (245, 'Sanitas AG', 'weekly', 96);
insert into diary (id, sponsor, category, fk_customer_id) values (246, 'Sanitas AG', 'weekly', 47);
insert into diary (id, sponsor, category, fk_customer_id) values (247, 'Sanitas AG', 'daily', 90);
insert into diary (id, sponsor, category, fk_customer_id) values (248, 'Sanitas AG', 'daily', 10);
insert into diary (id, sponsor, category, fk_customer_id) values (249, 'Sanitas AG', 'weekly', 76);
insert into diary (id, sponsor, category, fk_customer_id) values (250, 'Sanitas AG', 'yearly', 69);
insert into diary (id, sponsor, category, fk_customer_id) values (251, 'Sanitas AG', 'daily', 47);
insert into diary (id, sponsor, category, fk_customer_id) values (252, 'Sanitas AG', 'daily', 83);
insert into diary (id, sponsor, category, fk_customer_id) values (253, 'Sanitas AG', 'weekly', 93);
insert into diary (id, sponsor, category, fk_customer_id) values (254, 'Sanitas AG', 'weekly', 39);
insert into diary (id, sponsor, category, fk_customer_id) values (255, 'Sanitas AG', 'daily', 92);
insert into diary (id, sponsor, category, fk_customer_id) values (256, 'Sanitas AG', 'daily', 59);
insert into diary (id, sponsor, category, fk_customer_id) values (257, 'Sanitas AG', 'daily', 37);
insert into diary (id, sponsor, category, fk_customer_id) values (258, 'Sanitas AG', 'daily', 42);
insert into diary (id, sponsor, category, fk_customer_id) values (259, 'Sanitas AG', 'daily', 58);
insert into diary (id, sponsor, category, fk_customer_id) values (260, 'Sanitas AG', 'yearly', 7);
insert into diary (id, sponsor, category, fk_customer_id) values (261, 'Sanitas AG', 'weekly', 36);
insert into diary (id, sponsor, category, fk_customer_id) values (262, 'Sanitas AG', 'weekly', 33);
insert into diary (id, sponsor, category, fk_customer_id) values (263, 'Sanitas AG', 'daily', 5);
insert into diary (id, sponsor, category, fk_customer_id) values (264, 'Sanitas AG', 'weekly', 35);
insert into diary (id, sponsor, category, fk_customer_id) values (265, 'Sanitas AG', 'weekly', 48);
insert into diary (id, sponsor, category, fk_customer_id) values (266, 'Sanitas AG', 'daily', 5);
insert into diary (id, sponsor, category, fk_customer_id) values (267, 'Sanitas AG', 'daily', 63);
insert into diary (id, sponsor, category, fk_customer_id) values (268, 'Sanitas AG', 'daily', 98);
insert into diary (id, sponsor, category, fk_customer_id) values (269, 'Sanitas AG', 'weekly', 8);
insert into diary (id, sponsor, category, fk_customer_id) values (270, 'Sanitas AG', 'daily', 92);
insert into diary (id, sponsor, category, fk_customer_id) values (271, 'Sanitas AG', 'yearly', 39);
insert into diary (id, sponsor, category, fk_customer_id) values (272, 'Sanitas AG', 'daily', 63);
insert into diary (id, sponsor, category, fk_customer_id) values (273, 'Sanitas AG', 'yearly', 92);
insert into diary (id, sponsor, category, fk_customer_id) values (274, 'Sanitas AG', 'weekly', 95);
insert into diary (id, sponsor, category, fk_customer_id) values (275, 'Sanitas AG', 'yearly', 71);
insert into diary (id, sponsor, category, fk_customer_id) values (276, 'Sanitas AG', 'yearly', 16);
insert into diary (id, sponsor, category, fk_customer_id) values (277, 'Sanitas AG', 'weekly', 83);
insert into diary (id, sponsor, category, fk_customer_id) values (278, 'Sanitas AG', 'yearly', 91);
insert into diary (id, sponsor, category, fk_customer_id) values (279, 'Sanitas AG', 'yearly', 58);
insert into diary (id, sponsor, category, fk_customer_id) values (280, 'Sanitas AG', 'daily', 17);
insert into diary (id, sponsor, category, fk_customer_id) values (281, 'Sanitas AG', 'weekly', 72);
insert into diary (id, sponsor, category, fk_customer_id) values (282, 'Sanitas AG', 'weekly', 25);
insert into diary (id, sponsor, category, fk_customer_id) values (283, 'Sanitas AG', 'weekly', 28);
insert into diary (id, sponsor, category, fk_customer_id) values (284, 'Sanitas AG', 'yearly', 77);
insert into diary (id, sponsor, category, fk_customer_id) values (285, 'Sanitas AG', 'weekly', 52);
insert into diary (id, sponsor, category, fk_customer_id) values (286, 'Sanitas AG', 'weekly', 1);
insert into diary (id, sponsor, category, fk_customer_id) values (287, 'Sanitas AG', 'yearly', 64);
insert into diary (id, sponsor, category, fk_customer_id) values (288, 'Sanitas AG', 'daily', 35);
insert into diary (id, sponsor, category, fk_customer_id) values (289, 'Sanitas AG', 'daily', 88);
insert into diary (id, sponsor, category, fk_customer_id) values (290, 'Sanitas AG', 'yearly', 44);
insert into diary (id, sponsor, category, fk_customer_id) values (291, 'Sanitas AG', 'daily', 13);
insert into diary (id, sponsor, category, fk_customer_id) values (292, 'Sanitas AG', 'weekly', 90);
insert into diary (id, sponsor, category, fk_customer_id) values (293, 'Sanitas AG', 'yearly', 50);
insert into diary (id, sponsor, category, fk_customer_id) values (294, 'Sanitas AG', 'weekly', 64);
insert into diary (id, sponsor, category, fk_customer_id) values (295, 'Sanitas AG', 'daily', 80);
insert into diary (id, sponsor, category, fk_customer_id) values (296, 'Sanitas AG', 'yearly', 87);
insert into diary (id, sponsor, category, fk_customer_id) values (297, 'Sanitas AG', 'yearly', 40);
insert into diary (id, sponsor, category, fk_customer_id) values (298, 'Sanitas AG', 'weekly', 53);
insert into diary (id, sponsor, category, fk_customer_id) values (299, 'Sanitas AG', 'weekly', 62);
insert into diary (id, sponsor, category, fk_customer_id) values (300, 'Sanitas AG', 'daily', 75);
insert into diary (id, sponsor, category, fk_customer_id) values (301, 'Sanitas AG', 'weekly', 88);
insert into diary (id, sponsor, category, fk_customer_id) values (302, 'Sanitas AG', 'yearly', 29);
insert into diary (id, sponsor, category, fk_customer_id) values (303, 'Sanitas AG', 'yearly', 34);
insert into diary (id, sponsor, category, fk_customer_id) values (304, 'Sanitas AG', 'weekly', 45);
insert into diary (id, sponsor, category, fk_customer_id) values (305, 'Sanitas AG', 'weekly', 45);
insert into diary (id, sponsor, category, fk_customer_id) values (306, 'Sanitas AG', 'daily', 81);
insert into diary (id, sponsor, category, fk_customer_id) values (307, 'Sanitas AG', 'weekly', 68);
insert into diary (id, sponsor, category, fk_customer_id) values (308, 'Sanitas AG', 'yearly', 74);
insert into diary (id, sponsor, category, fk_customer_id) values (309, 'Sanitas AG', 'daily', 58);
insert into diary (id, sponsor, category, fk_customer_id) values (310, 'Sanitas AG', 'weekly', 75);
insert into diary (id, sponsor, category, fk_customer_id) values (311, 'Sanitas AG', 'weekly', 59);
insert into diary (id, sponsor, category, fk_customer_id) values (312, 'Sanitas AG', 'daily', 71);
insert into diary (id, sponsor, category, fk_customer_id) values (313, 'Sanitas AG', 'weekly', 65);
insert into diary (id, sponsor, category, fk_customer_id) values (314, 'Sanitas AG', 'daily', 4);
insert into diary (id, sponsor, category, fk_customer_id) values (315, 'Sanitas AG', 'weekly', 72);
insert into diary (id, sponsor, category, fk_customer_id) values (316, 'Sanitas AG', 'weekly', 10);
insert into diary (id, sponsor, category, fk_customer_id) values (317, 'Sanitas AG', 'yearly', 64);
insert into diary (id, sponsor, category, fk_customer_id) values (318, 'Sanitas AG', 'weekly', 94);
insert into diary (id, sponsor, category, fk_customer_id) values (319, 'Sanitas AG', 'weekly', 48);
insert into diary (id, sponsor, category, fk_customer_id) values (320, 'Sanitas AG', 'daily', 98);
insert into diary (id, sponsor, category, fk_customer_id) values (321, 'Sanitas AG', 'yearly', 88);
insert into diary (id, sponsor, category, fk_customer_id) values (322, 'Sanitas AG', 'yearly', 50);
insert into diary (id, sponsor, category, fk_customer_id) values (323, 'Sanitas AG', 'weekly', 32);
insert into diary (id, sponsor, category, fk_customer_id) values (324, 'Sanitas AG', 'daily', 11);
insert into diary (id, sponsor, category, fk_customer_id) values (325, 'Sanitas AG', 'daily', 58);
insert into diary (id, sponsor, category, fk_customer_id) values (326, 'Sanitas AG', 'yearly', 55);
insert into diary (id, sponsor, category, fk_customer_id) values (327, 'Sanitas AG', 'daily', 98);
insert into diary (id, sponsor, category, fk_customer_id) values (328, 'Sanitas AG', 'daily', 76);
insert into diary (id, sponsor, category, fk_customer_id) values (329, 'Sanitas AG', 'yearly', 96);
insert into diary (id, sponsor, category, fk_customer_id) values (330, 'Sanitas AG', 'weekly', 69);
insert into diary (id, sponsor, category, fk_customer_id) values (331, 'Sanitas AG', 'weekly', 29);
insert into diary (id, sponsor, category, fk_customer_id) values (332, 'Sanitas AG', 'daily', 13);
insert into diary (id, sponsor, category, fk_customer_id) values (333, 'Sanitas AG', 'weekly', 44);
insert into diary (id, sponsor, category, fk_customer_id) values (334, 'Sanitas AG', 'daily', 37);
insert into diary (id, sponsor, category, fk_customer_id) values (335, 'Sanitas AG', 'weekly', 30);
insert into diary (id, sponsor, category, fk_customer_id) values (336, 'Sanitas AG', 'weekly', 42);
insert into diary (id, sponsor, category, fk_customer_id) values (337, 'Sanitas AG', 'daily', 33);
insert into diary (id, sponsor, category, fk_customer_id) values (338, 'Sanitas AG', 'daily', 78);
insert into diary (id, sponsor, category, fk_customer_id) values (339, 'Sanitas AG', 'daily', 38);
insert into diary (id, sponsor, category, fk_customer_id) values (340, 'Sanitas AG', 'yearly', 42);
insert into diary (id, sponsor, category, fk_customer_id) values (341, 'Sanitas AG', 'yearly', 60);
insert into diary (id, sponsor, category, fk_customer_id) values (342, 'Sanitas AG', 'weekly', 86);
insert into diary (id, sponsor, category, fk_customer_id) values (343, 'Sanitas AG', 'daily', 63);
insert into diary (id, sponsor, category, fk_customer_id) values (344, 'Sanitas AG', 'yearly', 60);
insert into diary (id, sponsor, category, fk_customer_id) values (345, 'Sanitas AG', 'yearly', 93);
insert into diary (id, sponsor, category, fk_customer_id) values (346, 'Sanitas AG', 'yearly', 9);
insert into diary (id, sponsor, category, fk_customer_id) values (347, 'Sanitas AG', 'daily', 96);
insert into diary (id, sponsor, category, fk_customer_id) values (348, 'Sanitas AG', 'daily', 48);
insert into diary (id, sponsor, category, fk_customer_id) values (349, 'Sanitas AG', 'daily', 74);
insert into diary (id, sponsor, category, fk_customer_id) values (350, 'Sanitas AG', 'daily', 95);
insert into diary (id, sponsor, category, fk_customer_id) values (351, 'Sanitas AG', 'yearly', 15);
insert into diary (id, sponsor, category, fk_customer_id) values (352, 'Sanitas AG', 'weekly', 75);
insert into diary (id, sponsor, category, fk_customer_id) values (353, 'Sanitas AG', 'weekly', 90);
insert into diary (id, sponsor, category, fk_customer_id) values (354, 'Sanitas AG', 'daily', 27);
insert into diary (id, sponsor, category, fk_customer_id) values (355, 'Sanitas AG', 'daily', 9);
insert into diary (id, sponsor, category, fk_customer_id) values (356, 'Sanitas AG', 'daily', 55);
insert into diary (id, sponsor, category, fk_customer_id) values (357, 'Sanitas AG', 'daily', 99);
insert into diary (id, sponsor, category, fk_customer_id) values (358, 'Sanitas AG', 'daily', 62);
insert into diary (id, sponsor, category, fk_customer_id) values (359, 'Sanitas AG', 'daily', 30);
insert into diary (id, sponsor, category, fk_customer_id) values (360, 'Sanitas AG', 'weekly', 5);
insert into diary (id, sponsor, category, fk_customer_id) values (361, 'Sanitas AG', 'daily', 68);
insert into diary (id, sponsor, category, fk_customer_id) values (362, 'Sanitas AG', 'yearly', 97);
insert into diary (id, sponsor, category, fk_customer_id) values (363, 'Sanitas AG', 'yearly', 8);
insert into diary (id, sponsor, category, fk_customer_id) values (364, 'Sanitas AG', 'yearly', 14);
insert into diary (id, sponsor, category, fk_customer_id) values (365, 'Sanitas AG', 'yearly', 9);
insert into diary (id, sponsor, category, fk_customer_id) values (366, 'Sanitas AG', 'yearly', 14);
insert into diary (id, sponsor, category, fk_customer_id) values (367, 'Sanitas AG', 'daily', 45);
insert into diary (id, sponsor, category, fk_customer_id) values (368, 'Sanitas AG', 'yearly', 7);
insert into diary (id, sponsor, category, fk_customer_id) values (369, 'Sanitas AG', 'daily', 27);
insert into diary (id, sponsor, category, fk_customer_id) values (370, 'Sanitas AG', 'daily', 14);
insert into diary (id, sponsor, category, fk_customer_id) values (371, 'Sanitas AG', 'yearly', 61);
insert into diary (id, sponsor, category, fk_customer_id) values (372, 'Sanitas AG', 'weekly', 56);
insert into diary (id, sponsor, category, fk_customer_id) values (373, 'Sanitas AG', 'yearly', 79);
insert into diary (id, sponsor, category, fk_customer_id) values (374, 'Sanitas AG', 'yearly', 94);
insert into diary (id, sponsor, category, fk_customer_id) values (375, 'Sanitas AG', 'daily', 34);
insert into diary (id, sponsor, category, fk_customer_id) values (376, 'Sanitas AG', 'daily', 13);
insert into diary (id, sponsor, category, fk_customer_id) values (377, 'Sanitas AG', 'yearly', 16);
insert into diary (id, sponsor, category, fk_customer_id) values (378, 'Sanitas AG', 'daily', 69);
insert into diary (id, sponsor, category, fk_customer_id) values (379, 'Sanitas AG', 'yearly', 37);
insert into diary (id, sponsor, category, fk_customer_id) values (380, 'Sanitas AG', 'daily', 19);
insert into diary (id, sponsor, category, fk_customer_id) values (381, 'Sanitas AG', 'yearly', 53);
insert into diary (id, sponsor, category, fk_customer_id) values (382, 'Sanitas AG', 'yearly', 21);
insert into diary (id, sponsor, category, fk_customer_id) values (383, 'Sanitas AG', 'weekly', 55);
insert into diary (id, sponsor, category, fk_customer_id) values (384, 'Sanitas AG', 'daily', 38);
insert into diary (id, sponsor, category, fk_customer_id) values (385, 'Sanitas AG', 'weekly', 13);
insert into diary (id, sponsor, category, fk_customer_id) values (386, 'Sanitas AG', 'weekly', 43);
insert into diary (id, sponsor, category, fk_customer_id) values (387, 'Sanitas AG', 'daily', 41);
insert into diary (id, sponsor, category, fk_customer_id) values (388, 'Sanitas AG', 'yearly', 10);
insert into diary (id, sponsor, category, fk_customer_id) values (389, 'Sanitas AG', 'weekly', 13);
insert into diary (id, sponsor, category, fk_customer_id) values (390, 'Sanitas AG', 'yearly', 34);
insert into diary (id, sponsor, category, fk_customer_id) values (391, 'Sanitas AG', 'weekly', 8);
insert into diary (id, sponsor, category, fk_customer_id) values (392, 'Sanitas AG', 'weekly', 43);
insert into diary (id, sponsor, category, fk_customer_id) values (393, 'Sanitas AG', 'daily', 82);
insert into diary (id, sponsor, category, fk_customer_id) values (394, 'Sanitas AG', 'yearly', 52);
insert into diary (id, sponsor, category, fk_customer_id) values (395, 'Sanitas AG', 'weekly', 9);
insert into diary (id, sponsor, category, fk_customer_id) values (396, 'Sanitas AG', 'yearly', 25);
insert into diary (id, sponsor, category, fk_customer_id) values (397, 'Sanitas AG', 'weekly', 56);
insert into diary (id, sponsor, category, fk_customer_id) values (398, 'Sanitas AG', 'yearly', 52);
insert into diary (id, sponsor, category, fk_customer_id) values (399, 'Sanitas AG', 'yearly', 22);
insert into diary (id, sponsor, category, fk_customer_id) values (400, 'Sanitas AG', 'weekly', 79);
insert into diary (id, sponsor, category, fk_customer_id) values (401, 'Sanitas AG', 'weekly', 60);
insert into diary (id, sponsor, category, fk_customer_id) values (402, 'Sanitas AG', 'yearly', 79);
insert into diary (id, sponsor, category, fk_customer_id) values (403, 'Sanitas AG', 'yearly', 14);
insert into diary (id, sponsor, category, fk_customer_id) values (404, 'Sanitas AG', 'weekly', 51);
insert into diary (id, sponsor, category, fk_customer_id) values (405, 'Sanitas AG', 'yearly', 53);
insert into diary (id, sponsor, category, fk_customer_id) values (406, 'Sanitas AG', 'daily', 78);
insert into diary (id, sponsor, category, fk_customer_id) values (407, 'Sanitas AG', 'yearly', 15);
insert into diary (id, sponsor, category, fk_customer_id) values (408, 'Sanitas AG', 'daily', 89);
insert into diary (id, sponsor, category, fk_customer_id) values (409, 'Sanitas AG', 'daily', 31);
insert into diary (id, sponsor, category, fk_customer_id) values (410, 'Sanitas AG', 'daily', 30);
insert into diary (id, sponsor, category, fk_customer_id) values (411, 'Sanitas AG', 'weekly', 80);
insert into diary (id, sponsor, category, fk_customer_id) values (412, 'Sanitas AG', 'daily', 82);
insert into diary (id, sponsor, category, fk_customer_id) values (413, 'Sanitas AG', 'daily', 83);
insert into diary (id, sponsor, category, fk_customer_id) values (414, 'Sanitas AG', 'daily', 75);
insert into diary (id, sponsor, category, fk_customer_id) values (415, 'Sanitas AG', 'weekly', 29);
insert into diary (id, sponsor, category, fk_customer_id) values (416, 'Sanitas AG', 'daily', 92);
insert into diary (id, sponsor, category, fk_customer_id) values (417, 'Sanitas AG', 'yearly', 99);
insert into diary (id, sponsor, category, fk_customer_id) values (418, 'Sanitas AG', 'daily', 13);
insert into diary (id, sponsor, category, fk_customer_id) values (419, 'Sanitas AG', 'yearly', 5);
insert into diary (id, sponsor, category, fk_customer_id) values (420, 'Sanitas AG', 'yearly', 78);
insert into diary (id, sponsor, category, fk_customer_id) values (421, 'Sanitas AG', 'weekly', 39);
insert into diary (id, sponsor, category, fk_customer_id) values (422, 'Sanitas AG', 'weekly', 42);
insert into diary (id, sponsor, category, fk_customer_id) values (423, 'Sanitas AG', 'daily', 81);
insert into diary (id, sponsor, category, fk_customer_id) values (424, 'Sanitas AG', 'yearly', 63);
insert into diary (id, sponsor, category, fk_customer_id) values (425, 'Sanitas AG', 'daily', 7);
insert into diary (id, sponsor, category, fk_customer_id) values (426, 'Sanitas AG', 'daily', 50);
insert into diary (id, sponsor, category, fk_customer_id) values (427, 'Sanitas AG', 'weekly', 91);
insert into diary (id, sponsor, category, fk_customer_id) values (428, 'Sanitas AG', 'daily', 40);
insert into diary (id, sponsor, category, fk_customer_id) values (429, 'Sanitas AG', 'daily', 12);
insert into diary (id, sponsor, category, fk_customer_id) values (430, 'Sanitas AG', 'weekly', 74);
insert into diary (id, sponsor, category, fk_customer_id) values (431, 'Sanitas AG', 'yearly', 93);
insert into diary (id, sponsor, category, fk_customer_id) values (432, 'Sanitas AG', 'daily', 68);
insert into diary (id, sponsor, category, fk_customer_id) values (433, 'Sanitas AG', 'weekly', 80);
insert into diary (id, sponsor, category, fk_customer_id) values (434, 'Sanitas AG', 'weekly', 7);
insert into diary (id, sponsor, category, fk_customer_id) values (435, 'Sanitas AG', 'yearly', 26);
insert into diary (id, sponsor, category, fk_customer_id) values (436, 'Sanitas AG', 'weekly', 38);
insert into diary (id, sponsor, category, fk_customer_id) values (437, 'Sanitas AG', 'daily', 67);
insert into diary (id, sponsor, category, fk_customer_id) values (438, 'Sanitas AG', 'weekly', 15);
insert into diary (id, sponsor, category, fk_customer_id) values (439, 'Sanitas AG', 'weekly', 27);
insert into diary (id, sponsor, category, fk_customer_id) values (440, 'Sanitas AG', 'yearly', 54);
insert into diary (id, sponsor, category, fk_customer_id) values (441, 'Sanitas AG', 'yearly', 39);
insert into diary (id, sponsor, category, fk_customer_id) values (442, 'Sanitas AG', 'daily', 22);
insert into diary (id, sponsor, category, fk_customer_id) values (443, 'Sanitas AG', 'yearly', 64);
insert into diary (id, sponsor, category, fk_customer_id) values (444, 'Sanitas AG', 'daily', 17);
insert into diary (id, sponsor, category, fk_customer_id) values (445, 'Sanitas AG', 'daily', 20);
insert into diary (id, sponsor, category, fk_customer_id) values (446, 'Sanitas AG', 'weekly', 28);
insert into diary (id, sponsor, category, fk_customer_id) values (447, 'Sanitas AG', 'yearly', 71);
insert into diary (id, sponsor, category, fk_customer_id) values (448, 'Sanitas AG', 'daily', 13);
insert into diary (id, sponsor, category, fk_customer_id) values (449, 'Sanitas AG', 'yearly', 68);
insert into diary (id, sponsor, category, fk_customer_id) values (450, 'Sanitas AG', 'daily', 10);
insert into diary (id, sponsor, category, fk_customer_id) values (451, 'Sanitas AG', 'yearly', 58);
insert into diary (id, sponsor, category, fk_customer_id) values (452, 'Sanitas AG', 'weekly', 87);
insert into diary (id, sponsor, category, fk_customer_id) values (453, 'Sanitas AG', 'yearly', 57);
insert into diary (id, sponsor, category, fk_customer_id) values (454, 'Sanitas AG', 'yearly', 29);
insert into diary (id, sponsor, category, fk_customer_id) values (455, 'Sanitas AG', 'daily', 87);
insert into diary (id, sponsor, category, fk_customer_id) values (456, 'Sanitas AG', 'weekly', 59);
insert into diary (id, sponsor, category, fk_customer_id) values (457, 'Sanitas AG', 'yearly', 8);
insert into diary (id, sponsor, category, fk_customer_id) values (458, 'Sanitas AG', 'yearly', 57);
insert into diary (id, sponsor, category, fk_customer_id) values (459, 'Sanitas AG', 'weekly', 91);
insert into diary (id, sponsor, category, fk_customer_id) values (460, 'Sanitas AG', 'daily', 9);
insert into diary (id, sponsor, category, fk_customer_id) values (461, 'Sanitas AG', 'daily', 35);
insert into diary (id, sponsor, category, fk_customer_id) values (462, 'Sanitas AG', 'yearly', 9);
insert into diary (id, sponsor, category, fk_customer_id) values (463, 'Sanitas AG', 'yearly', 93);
insert into diary (id, sponsor, category, fk_customer_id) values (464, 'Sanitas AG', 'daily', 54);
insert into diary (id, sponsor, category, fk_customer_id) values (465, 'Sanitas AG', 'daily', 12);
insert into diary (id, sponsor, category, fk_customer_id) values (466, 'Sanitas AG', 'weekly', 7);
insert into diary (id, sponsor, category, fk_customer_id) values (467, 'Sanitas AG', 'weekly', 12);
insert into diary (id, sponsor, category, fk_customer_id) values (468, 'Sanitas AG', 'weekly', 76);
insert into diary (id, sponsor, category, fk_customer_id) values (469, 'Sanitas AG', 'daily', 9);
insert into diary (id, sponsor, category, fk_customer_id) values (470, 'Sanitas AG', 'weekly', 41);
insert into diary (id, sponsor, category, fk_customer_id) values (471, 'Sanitas AG', 'yearly', 37);
insert into diary (id, sponsor, category, fk_customer_id) values (472, 'Sanitas AG', 'yearly', 60);
insert into diary (id, sponsor, category, fk_customer_id) values (473, 'Sanitas AG', 'weekly', 70);
insert into diary (id, sponsor, category, fk_customer_id) values (474, 'Sanitas AG', 'weekly', 58);
insert into diary (id, sponsor, category, fk_customer_id) values (475, 'Sanitas AG', 'daily', 58);
insert into diary (id, sponsor, category, fk_customer_id) values (476, 'Sanitas AG', 'weekly', 26);
insert into diary (id, sponsor, category, fk_customer_id) values (477, 'Sanitas AG', 'daily', 42);
insert into diary (id, sponsor, category, fk_customer_id) values (478, 'Sanitas AG', 'yearly', 63);
insert into diary (id, sponsor, category, fk_customer_id) values (479, 'Sanitas AG', 'weekly', 63);
insert into diary (id, sponsor, category, fk_customer_id) values (480, 'Sanitas AG', 'daily', 63);
insert into diary (id, sponsor, category, fk_customer_id) values (481, 'Sanitas AG', 'yearly', 87);
insert into diary (id, sponsor, category, fk_customer_id) values (482, 'Sanitas AG', 'daily', 63);
insert into diary (id, sponsor, category, fk_customer_id) values (483, 'Sanitas AG', 'yearly', 83);
insert into diary (id, sponsor, category, fk_customer_id) values (484, 'Sanitas AG', 'weekly', 54);
insert into diary (id, sponsor, category, fk_customer_id) values (485, 'Sanitas AG', 'weekly', 4);
insert into diary (id, sponsor, category, fk_customer_id) values (486, 'Sanitas AG', 'yearly', 99);
insert into diary (id, sponsor, category, fk_customer_id) values (487, 'Sanitas AG', 'weekly', 73);
insert into diary (id, sponsor, category, fk_customer_id) values (488, 'Sanitas AG', 'weekly', 71);
insert into diary (id, sponsor, category, fk_customer_id) values (489, 'Sanitas AG', 'yearly', 3);
insert into diary (id, sponsor, category, fk_customer_id) values (490, 'Sanitas AG', 'daily', 18);
insert into diary (id, sponsor, category, fk_customer_id) values (491, 'Sanitas AG', 'yearly', 94);
insert into diary (id, sponsor, category, fk_customer_id) values (492, 'Sanitas AG', 'weekly', 75);
insert into diary (id, sponsor, category, fk_customer_id) values (493, 'Sanitas AG', 'daily', 91);
insert into diary (id, sponsor, category, fk_customer_id) values (494, 'Sanitas AG', 'weekly', 96);
insert into diary (id, sponsor, category, fk_customer_id) values (495, 'Sanitas AG', 'yearly', 62);
insert into diary (id, sponsor, category, fk_customer_id) values (496, 'Sanitas AG', 'yearly', 2);
insert into diary (id, sponsor, category, fk_customer_id) values (497, 'Sanitas AG', 'daily', 38);
insert into diary (id, sponsor, category, fk_customer_id) values (498, 'Sanitas AG', 'daily', 100);
insert into diary (id, sponsor, category, fk_customer_id) values (499, 'Sanitas AG', 'daily', 43);
insert into diary (id, sponsor, category, fk_customer_id) values (500, 'Sanitas AG', 'daily', 76);
insert into entry (id, date, note, progress, fk_diary_id) values (1, '06/09/2020', 'Vestibulum ac est lacinia nisi venenatis tristique.', 2, 347);
insert into entry (id, date, note, progress, fk_diary_id) values (2, '04/05/2021', 'Nulla suscipit ligula in lacus.', 8, 87);
insert into entry (id, date, note, progress, fk_diary_id) values (3, '18/05/2021', 'Fusce consequat.', 1, 76);
insert into entry (id, date, note, progress, fk_diary_id) values (4, '17/12/2020', 'In quis justo.', 5, 430);
insert into entry (id, date, note, progress, fk_diary_id) values (5, '20/08/2020', 'Donec semper sapien a libero.', 6, 26);
insert into entry (id, date, note, progress, fk_diary_id) values (6, '07/11/2020', 'Sed vel enim sit amet nunc viverra dapibus.', 2, 93);
insert into entry (id, date, note, progress, fk_diary_id) values (7, '27/02/2021', 'Nunc rhoncus dui vel sem.', 1, 51);
insert into entry (id, date, note, progress, fk_diary_id) values (8, '10/09/2020', 'Morbi a ipsum.', 2, 165);
insert into entry (id, date, note, progress, fk_diary_id) values (9, '02/09/2020', 'Integer tincidunt ante vel ipsum.', 10, 320);
insert into entry (id, date, note, progress, fk_diary_id) values (10, '09/02/2021', 'Cras in purus eu magna vulputate luctus.', 8, 183);
insert into entry (id, date, note, progress, fk_diary_id) values (11, '01/09/2020', 'In eleifend quam a odio.', 7, 483);
insert into entry (id, date, note, progress, fk_diary_id) values (12, '20/11/2020', 'Sed accumsan felis.', 8, 224);
insert into entry (id, date, note, progress, fk_diary_id) values (13, '25/11/2020', 'Ut at dolor quis odio consequat varius.', 4, 92);
insert into entry (id, date, note, progress, fk_diary_id) values (14, '16/12/2020', 'Mauris ullamcorper purus sit amet nulla.', 9, 304);
insert into entry (id, date, note, progress, fk_diary_id) values (15, '30/04/2021', 'Nulla tellus.', 1, 461);
insert into entry (id, date, note, progress, fk_diary_id) values (16, '15/11/2020', 'Maecenas pulvinar lobortis est.', 9, 472);
insert into entry (id, date, note, progress, fk_diary_id) values (17, '09/10/2020', 'Nam congue, risus semper porta volutpat, quam pede lobortis ligula, sit amet eleifend pede libero quis orci.', 7, 469);
insert into entry (id, date, note, progress, fk_diary_id) values (18, '24/04/2021', 'Proin eu mi.', 9, 425);
insert into entry (id, date, note, progress, fk_diary_id) values (19, '23/02/2021', 'Donec ut mauris eget massa tempor convallis.', 8, 330);
insert into entry (id, date, note, progress, fk_diary_id) values (20, '01/09/2020', 'Quisque ut erat.', 10, 328);
insert into entry (id, date, note, progress, fk_diary_id) values (21, '25/04/2021', 'Donec ut dolor.', 10, 393);
insert into entry (id, date, note, progress, fk_diary_id) values (22, '25/09/2020', 'In blandit ultrices enim.', 5, 23);
insert into entry (id, date, note, progress, fk_diary_id) values (23, '20/08/2020', 'Nam dui.', 4, 217);
insert into entry (id, date, note, progress, fk_diary_id) values (24, '03/09/2020', 'Morbi ut odio.', 3, 486);
insert into entry (id, date, note, progress, fk_diary_id) values (25, '28/09/2020', 'In hac habitasse platea dictumst.', 6, 446);
insert into entry (id, date, note, progress, fk_diary_id) values (26, '22/05/2021', 'Fusce consequat.', 8, 170);
insert into entry (id, date, note, progress, fk_diary_id) values (27, '28/04/2021', 'Etiam vel augue.', 10, 5);
insert into entry (id, date, note, progress, fk_diary_id) values (28, '11/12/2020', 'Nulla neque libero, convallis eget, eleifend luctus, ultricies eu, nibh.', 6, 179);
insert into entry (id, date, note, progress, fk_diary_id) values (29, '15/05/2021', 'Nunc purus.', 4, 436);
insert into entry (id, date, note, progress, fk_diary_id) values (30, '12/03/2021', 'Fusce consequat.', 2, 384);
insert into entry (id, date, note, progress, fk_diary_id) values (31, '12/10/2020', 'Vestibulum ante ipsum primis in faucibus orci luctus et ultrices posuere cubilia Curae; Duis faucibus accumsan odio.', 4, 254);
insert into entry (id, date, note, progress, fk_diary_id) values (32, '23/04/2021', 'In hac habitasse platea dictumst.', 3, 209);
insert into entry (id, date, note, progress, fk_diary_id) values (33, '10/06/2020', 'Nullam orci pede, venenatis non, sodales sed, tincidunt eu, felis.', 10, 414);
insert into entry (id, date, note, progress, fk_diary_id) values (34, '27/02/2021', 'Vestibulum ante ipsum primis in faucibus orci luctus et ultrices posuere cubilia Curae; Mauris viverra diam vitae quam.', 4, 471);
insert into entry (id, date, note, progress, fk_diary_id) values (35, '10/03/2021', 'Maecenas leo odio, condimentum id, luctus nec, molestie sed, justo.', 9, 193);
insert into entry (id, date, note, progress, fk_diary_id) values (36, '10/04/2021', 'Duis at velit eu est congue elementum.', 5, 413);
insert into entry (id, date, note, progress, fk_diary_id) values (37, '24/04/2021', 'Quisque ut erat.', 2, 294);
insert into entry (id, date, note, progress, fk_diary_id) values (38, '20/10/2020', 'Nulla nisl.', 1, 104);
insert into entry (id, date, note, progress, fk_diary_id) values (39, '06/01/2021', 'Quisque id justo sit amet sapien dignissim vestibulum.', 5, 417);
insert into entry (id, date, note, progress, fk_diary_id) values (40, '12/11/2020', 'Quisque arcu libero, rutrum ac, lobortis vel, dapibus at, diam.', 7, 16);
insert into entry (id, date, note, progress, fk_diary_id) values (41, '23/08/2020', 'Mauris sit amet eros.', 8, 162);
insert into entry (id, date, note, progress, fk_diary_id) values (42, '18/04/2021', 'Morbi porttitor lorem id ligula.', 10, 352);
insert into entry (id, date, note, progress, fk_diary_id) values (43, '22/05/2021', 'Duis ac nibh.', 2, 230);
insert into entry (id, date, note, progress, fk_diary_id) values (44, '08/09/2020', 'Cras in purus eu magna vulputate luctus.', 10, 192);
insert into entry (id, date, note, progress, fk_diary_id) values (45, '27/03/2021', 'Cras mi pede, malesuada in, imperdiet et, commodo vulputate, justo.', 7, 465);
insert into entry (id, date, note, progress, fk_diary_id) values (46, '12/03/2021', 'Nam ultrices, libero non mattis pulvinar, nulla pede ullamcorper augue, a suscipit nulla elit ac nulla.', 10, 377);
insert into entry (id, date, note, progress, fk_diary_id) values (47, '12/01/2021', 'Pellentesque at nulla.', 3, 225);
insert into entry (id, date, note, progress, fk_diary_id) values (48, '12/10/2020', 'Nullam porttitor lacus at turpis.', 10, 388);
insert into entry (id, date, note, progress, fk_diary_id) values (49, '27/01/2021', 'Curabitur gravida nisi at nibh.', 3, 479);
insert into entry (id, date, note, progress, fk_diary_id) values (50, '18/12/2020', 'Nunc purus.', 8, 156);
insert into entry (id, date, note, progress, fk_diary_id) values (51, '24/10/2020', 'Vestibulum ante ipsum primis in faucibus orci luctus et ultrices posuere cubilia Curae; Donec pharetra, magna vestibulum aliquet ultrices, erat tortor sollicitudin mi, sit amet lobortis sapien sapien non mi.', 6, 328);
insert into entry (id, date, note, progress, fk_diary_id) values (52, '23/09/2020', 'In hac habitasse platea dictumst.', 3, 398);
insert into entry (id, date, note, progress, fk_diary_id) values (53, '16/02/2021', 'Quisque erat eros, viverra eget, congue eget, semper rutrum, nulla.', 3, 7);
insert into entry (id, date, note, progress, fk_diary_id) values (54, '31/12/2020', 'Integer ac neque.', 9, 192);
insert into entry (id, date, note, progress, fk_diary_id) values (55, '11/08/2020', 'Morbi odio odio, elementum eu, interdum eu, tincidunt in, leo.', 4, 497);
insert into entry (id, date, note, progress, fk_diary_id) values (56, '26/12/2020', 'Maecenas rhoncus aliquam lacus.', 10, 430);
insert into entry (id, date, note, progress, fk_diary_id) values (57, '08/09/2020', 'Morbi non quam nec dui luctus rutrum.', 9, 494);
insert into entry (id, date, note, progress, fk_diary_id) values (58, '20/08/2020', 'Duis mattis egestas metus.', 6, 396);
insert into entry (id, date, note, progress, fk_diary_id) values (59, '04/04/2021', 'Fusce posuere felis sed lacus.', 8, 117);
insert into entry (id, date, note, progress, fk_diary_id) values (60, '15/08/2020', 'Phasellus in felis.', 2, 303);
insert into entry (id, date, note, progress, fk_diary_id) values (61, '25/02/2021', 'Vestibulum ante ipsum primis in faucibus orci luctus et ultrices posuere cubilia Curae; Mauris viverra diam vitae quam.', 10, 85);
insert into entry (id, date, note, progress, fk_diary_id) values (62, '11/08/2020', 'Fusce congue, diam id ornare imperdiet, sapien urna pretium nisl, ut volutpat sapien arcu sed augue.', 1, 475);
insert into entry (id, date, note, progress, fk_diary_id) values (63, '26/10/2020', 'Quisque erat eros, viverra eget, congue eget, semper rutrum, nulla.', 6, 101);
insert into entry (id, date, note, progress, fk_diary_id) values (64, '10/05/2021', 'Quisque porta volutpat erat.', 6, 302);
insert into entry (id, date, note, progress, fk_diary_id) values (65, '29/09/2020', 'Morbi non lectus.', 4, 119);
insert into entry (id, date, note, progress, fk_diary_id) values (66, '13/06/2020', 'Aenean fermentum.', 4, 199);
insert into entry (id, date, note, progress, fk_diary_id) values (67, '31/07/2020', 'Phasellus id sapien in sapien iaculis congue.', 7, 82);
insert into entry (id, date, note, progress, fk_diary_id) values (68, '05/09/2020', 'Cras pellentesque volutpat dui.', 1, 150);
insert into entry (id, date, note, progress, fk_diary_id) values (69, '01/11/2020', 'Nulla suscipit ligula in lacus.', 5, 82);
insert into entry (id, date, note, progress, fk_diary_id) values (70, '18/08/2020', 'Nullam molestie nibh in lectus.', 5, 104);
insert into entry (id, date, note, progress, fk_diary_id) values (71, '03/07/2020', 'Nulla neque libero, convallis eget, eleifend luctus, ultricies eu, nibh.', 7, 378);
insert into entry (id, date, note, progress, fk_diary_id) values (72, '09/10/2020', 'Nullam orci pede, venenatis non, sodales sed, tincidunt eu, felis.', 1, 435);
insert into entry (id, date, note, progress, fk_diary_id) values (73, '08/08/2020', 'Mauris ullamcorper purus sit amet nulla.', 8, 369);
insert into entry (id, date, note, progress, fk_diary_id) values (74, '09/05/2021', 'Aenean sit amet justo.', 5, 456);
insert into entry (id, date, note, progress, fk_diary_id) values (75, '01/10/2020', 'Phasellus id sapien in sapien iaculis congue.', 9, 48);
insert into entry (id, date, note, progress, fk_diary_id) values (76, '30/04/2021', 'In hac habitasse platea dictumst.', 4, 239);
insert into entry (id, date, note, progress, fk_diary_id) values (77, '06/04/2021', 'Vestibulum sed magna at nunc commodo placerat.', 4, 193);
insert into entry (id, date, note, progress, fk_diary_id) values (78, '02/05/2021', 'Cras non velit nec nisi vulputate nonummy.', 3, 267);
insert into entry (id, date, note, progress, fk_diary_id) values (79, '25/01/2021', 'Nulla suscipit ligula in lacus.', 6, 118);
insert into entry (id, date, note, progress, fk_diary_id) values (80, '15/11/2020', 'Aliquam sit amet diam in magna bibendum imperdiet.', 2, 100);
insert into entry (id, date, note, progress, fk_diary_id) values (81, '17/04/2021', 'Cum sociis natoque penatibus et magnis dis parturient montes, nascetur ridiculus mus.', 6, 387);
insert into entry (id, date, note, progress, fk_diary_id) values (82, '26/03/2021', 'Nullam sit amet turpis elementum ligula vehicula consequat.', 1, 483);
insert into entry (id, date, note, progress, fk_diary_id) values (83, '25/03/2021', 'Vivamus tortor.', 4, 490);
insert into entry (id, date, note, progress, fk_diary_id) values (84, '16/09/2020', 'Donec posuere metus vitae ipsum.', 4, 341);
insert into entry (id, date, note, progress, fk_diary_id) values (85, '22/08/2020', 'Sed ante.', 1, 74);
insert into entry (id, date, note, progress, fk_diary_id) values (86, '29/06/2020', 'Quisque ut erat.', 7, 231);
insert into entry (id, date, note, progress, fk_diary_id) values (87, '23/01/2021', 'Aliquam sit amet diam in magna bibendum imperdiet.', 4, 50);
insert into entry (id, date, note, progress, fk_diary_id) values (88, '09/03/2021', 'Vestibulum ac est lacinia nisi venenatis tristique.', 10, 420);
insert into entry (id, date, note, progress, fk_diary_id) values (89, '15/07/2020', 'Maecenas tristique, est et tempus semper, est quam pharetra magna, ac consequat metus sapien ut nunc.', 7, 449);
insert into entry (id, date, note, progress, fk_diary_id) values (90, '26/12/2020', 'Integer aliquet, massa id lobortis convallis, tortor risus dapibus augue, vel accumsan tellus nisi eu orci.', 8, 8);
insert into entry (id, date, note, progress, fk_diary_id) values (91, '31/07/2020', 'Donec quis orci eget orci vehicula condimentum.', 3, 15);
insert into entry (id, date, note, progress, fk_diary_id) values (92, '01/08/2020', 'Fusce posuere felis sed lacus.', 6, 56);
insert into entry (id, date, note, progress, fk_diary_id) values (93, '04/03/2021', 'Morbi quis tortor id nulla ultrices aliquet.', 2, 194);
insert into entry (id, date, note, progress, fk_diary_id) values (94, '19/06/2020', 'Nulla suscipit ligula in lacus.', 10, 160);
insert into entry (id, date, note, progress, fk_diary_id) values (95, '20/02/2021', 'Duis ac nibh.', 10, 30);
insert into entry (id, date, note, progress, fk_diary_id) values (96, '06/05/2021', 'Maecenas ut massa quis augue luctus tincidunt.', 8, 47);
insert into entry (id, date, note, progress, fk_diary_id) values (97, '23/08/2020', 'Duis aliquam convallis nunc.', 8, 334);
insert into entry (id, date, note, progress, fk_diary_id) values (98, '12/01/2021', 'Quisque ut erat.', 5, 189);
insert into entry (id, date, note, progress, fk_diary_id) values (99, '27/07/2020', 'Morbi sem mauris, laoreet ut, rhoncus aliquet, pulvinar sed, nisl.', 6, 114);
insert into entry (id, date, note, progress, fk_diary_id) values (100, '04/06/2020', 'Nunc rhoncus dui vel sem.', 6, 20);
insert into entry (id, date, note, progress, fk_diary_id) values (101, '01/03/2021', 'Duis bibendum, felis sed interdum venenatis, turpis enim blandit mi, in porttitor pede justo eu massa.', 10, 350);
insert into entry (id, date, note, progress, fk_diary_id) values (102, '29/03/2021', 'Nam ultrices, libero non mattis pulvinar, nulla pede ullamcorper augue, a suscipit nulla elit ac nulla.', 1, 217);
insert into entry (id, date, note, progress, fk_diary_id) values (103, '18/12/2020', 'Maecenas rhoncus aliquam lacus.', 1, 424);
insert into entry (id, date, note, progress, fk_diary_id) values (104, '05/12/2020', 'Nulla neque libero, convallis eget, eleifend luctus, ultricies eu, nibh.', 8, 403);
insert into entry (id, date, note, progress, fk_diary_id) values (105, '22/03/2021', 'Morbi quis tortor id nulla ultrices aliquet.', 4, 63);
insert into entry (id, date, note, progress, fk_diary_id) values (106, '04/05/2021', 'Quisque porta volutpat erat.', 1, 8);
insert into entry (id, date, note, progress, fk_diary_id) values (107, '23/09/2020', 'Donec ut mauris eget massa tempor convallis.', 7, 330);
insert into entry (id, date, note, progress, fk_diary_id) values (108, '30/03/2021', 'Sed accumsan felis.', 8, 90);
insert into entry (id, date, note, progress, fk_diary_id) values (109, '23/03/2021', 'Integer a nibh.', 3, 429);
insert into entry (id, date, note, progress, fk_diary_id) values (110, '07/04/2021', 'Donec odio justo, sollicitudin ut, suscipit a, feugiat et, eros.', 8, 68);
insert into entry (id, date, note, progress, fk_diary_id) values (111, '24/04/2021', 'Donec dapibus.', 10, 369);
insert into entry (id, date, note, progress, fk_diary_id) values (112, '01/02/2021', 'Proin interdum mauris non ligula pellentesque ultrices.', 5, 307);
insert into entry (id, date, note, progress, fk_diary_id) values (113, '26/06/2020', 'Suspendisse ornare consequat lectus.', 7, 106);
insert into entry (id, date, note, progress, fk_diary_id) values (114, '13/12/2020', 'Quisque porta volutpat erat.', 10, 275);
insert into entry (id, date, note, progress, fk_diary_id) values (115, '31/08/2020', 'Integer aliquet, massa id lobortis convallis, tortor risus dapibus augue, vel accumsan tellus nisi eu orci.', 10, 411);
insert into entry (id, date, note, progress, fk_diary_id) values (116, '26/05/2021', 'Ut at dolor quis odio consequat varius.', 7, 80);
insert into entry (id, date, note, progress, fk_diary_id) values (117, '13/03/2021', 'Nulla neque libero, convallis eget, eleifend luctus, ultricies eu, nibh.', 2, 303);
insert into entry (id, date, note, progress, fk_diary_id) values (118, '12/05/2021', 'Vestibulum rutrum rutrum neque.', 10, 386);
insert into entry (id, date, note, progress, fk_diary_id) values (119, '11/07/2020', 'Etiam justo.', 8, 313);
insert into entry (id, date, note, progress, fk_diary_id) values (120, '19/05/2021', 'Curabitur gravida nisi at nibh.', 2, 321);
insert into entry (id, date, note, progress, fk_diary_id) values (121, '08/01/2021', 'Duis consequat dui nec nisi volutpat eleifend.', 5, 422);
insert into entry (id, date, note, progress, fk_diary_id) values (122, '09/03/2021', 'Suspendisse potenti.', 6, 495);
insert into entry (id, date, note, progress, fk_diary_id) values (123, '03/07/2020', 'Nam tristique tortor eu pede.', 1, 291);
insert into entry (id, date, note, progress, fk_diary_id) values (124, '26/05/2021', 'Donec ut mauris eget massa tempor convallis.', 3, 218);
insert into entry (id, date, note, progress, fk_diary_id) values (125, '31/01/2021', 'In hac habitasse platea dictumst.', 2, 403);
insert into entry (id, date, note, progress, fk_diary_id) values (126, '13/09/2020', 'Proin at turpis a pede posuere nonummy.', 5, 112);
insert into entry (id, date, note, progress, fk_diary_id) values (127, '14/04/2021', 'Pellentesque ultrices mattis odio.', 8, 104);
insert into entry (id, date, note, progress, fk_diary_id) values (128, '28/10/2020', 'Lorem ipsum dolor sit amet, consectetuer adipiscing elit.', 3, 188);
insert into entry (id, date, note, progress, fk_diary_id) values (129, '21/10/2020', 'Integer tincidunt ante vel ipsum.', 10, 452);
insert into entry (id, date, note, progress, fk_diary_id) values (130, '10/09/2020', 'In eleifend quam a odio.', 4, 208);
insert into entry (id, date, note, progress, fk_diary_id) values (131, '30/05/2021', 'Donec ut mauris eget massa tempor convallis.', 10, 40);
insert into entry (id, date, note, progress, fk_diary_id) values (132, '05/09/2020', 'Nullam molestie nibh in lectus.', 10, 298);
insert into entry (id, date, note, progress, fk_diary_id) values (133, '10/01/2021', 'Ut tellus.', 9, 14);
insert into entry (id, date, note, progress, fk_diary_id) values (134, '23/08/2020', 'Lorem ipsum dolor sit amet, consectetuer adipiscing elit.', 8, 318);
insert into entry (id, date, note, progress, fk_diary_id) values (135, '23/02/2021', 'Integer ac neque.', 2, 99);
insert into entry (id, date, note, progress, fk_diary_id) values (136, '26/07/2020', 'Nulla ut erat id mauris vulputate elementum.', 6, 342);
insert into entry (id, date, note, progress, fk_diary_id) values (137, '01/04/2021', 'Praesent blandit lacinia erat.', 2, 280);
insert into entry (id, date, note, progress, fk_diary_id) values (138, '14/02/2021', 'Nulla facilisi.', 3, 143);
insert into entry (id, date, note, progress, fk_diary_id) values (139, '09/06/2020', 'Duis aliquam convallis nunc.', 5, 476);
insert into entry (id, date, note, progress, fk_diary_id) values (140, '24/09/2020', 'Nam congue, risus semper porta volutpat, quam pede lobortis ligula, sit amet eleifend pede libero quis orci.', 8, 309);
insert into entry (id, date, note, progress, fk_diary_id) values (141, '06/09/2020', 'In blandit ultrices enim.', 9, 198);
insert into entry (id, date, note, progress, fk_diary_id) values (142, '28/11/2020', 'Suspendisse accumsan tortor quis turpis.', 6, 448);
insert into entry (id, date, note, progress, fk_diary_id) values (143, '11/12/2020', 'Vivamus vestibulum sagittis sapien.', 7, 490);
insert into entry (id, date, note, progress, fk_diary_id) values (144, '16/11/2020', 'Quisque porta volutpat erat.', 2, 190);
insert into entry (id, date, note, progress, fk_diary_id) values (145, '26/08/2020', 'Morbi quis tortor id nulla ultrices aliquet.', 7, 358);
insert into entry (id, date, note, progress, fk_diary_id) values (146, '08/03/2021', 'In hac habitasse platea dictumst.', 5, 151);
insert into entry (id, date, note, progress, fk_diary_id) values (147, '17/04/2021', 'Praesent blandit.', 9, 229);
insert into entry (id, date, note, progress, fk_diary_id) values (148, '18/10/2020', 'Vivamus metus arcu, adipiscing molestie, hendrerit at, vulputate vitae, nisl.', 3, 454);
insert into entry (id, date, note, progress, fk_diary_id) values (149, '20/09/2020', 'Praesent lectus.', 1, 163);
insert into entry (id, date, note, progress, fk_diary_id) values (150, '26/04/2021', 'Integer ac neque.', 1, 403);
insert into entry (id, date, note, progress, fk_diary_id) values (151, '14/03/2021', 'Praesent blandit.', 3, 338);
insert into entry (id, date, note, progress, fk_diary_id) values (152, '06/07/2020', 'Donec quis orci eget orci vehicula condimentum.', 3, 21);
insert into entry (id, date, note, progress, fk_diary_id) values (153, '26/12/2020', 'In hac habitasse platea dictumst.', 6, 98);
insert into entry (id, date, note, progress, fk_diary_id) values (154, '28/12/2020', 'Integer non velit.', 7, 43);
insert into entry (id, date, note, progress, fk_diary_id) values (155, '17/04/2021', 'Curabitur at ipsum ac tellus semper interdum.', 10, 457);
insert into entry (id, date, note, progress, fk_diary_id) values (156, '02/10/2020', 'Pellentesque ultrices mattis odio.', 9, 155);
insert into entry (id, date, note, progress, fk_diary_id) values (157, '19/09/2020', 'Vestibulum ante ipsum primis in faucibus orci luctus et ultrices posuere cubilia Curae; Nulla dapibus dolor vel est.', 6, 250);
insert into entry (id, date, note, progress, fk_diary_id) values (158, '13/06/2020', 'Fusce congue, diam id ornare imperdiet, sapien urna pretium nisl, ut volutpat sapien arcu sed augue.', 9, 9);
insert into entry (id, date, note, progress, fk_diary_id) values (159, '14/07/2020', 'Mauris enim leo, rhoncus sed, vestibulum sit amet, cursus id, turpis.', 3, 442);
insert into entry (id, date, note, progress, fk_diary_id) values (160, '20/02/2021', 'Etiam justo.', 9, 308);
insert into entry (id, date, note, progress, fk_diary_id) values (161, '08/09/2020', 'Fusce congue, diam id ornare imperdiet, sapien urna pretium nisl, ut volutpat sapien arcu sed augue.', 3, 17);
insert into entry (id, date, note, progress, fk_diary_id) values (162, '30/01/2021', 'Morbi odio odio, elementum eu, interdum eu, tincidunt in, leo.', 8, 106);
insert into entry (id, date, note, progress, fk_diary_id) values (163, '03/11/2020', 'Maecenas leo odio, condimentum id, luctus nec, molestie sed, justo.', 7, 416);
insert into entry (id, date, note, progress, fk_diary_id) values (164, '18/03/2021', 'Quisque porta volutpat erat.', 6, 343);
insert into entry (id, date, note, progress, fk_diary_id) values (165, '29/07/2020', 'Aenean sit amet justo.', 10, 380);
insert into entry (id, date, note, progress, fk_diary_id) values (166, '23/02/2021', 'Vivamus in felis eu sapien cursus vestibulum.', 7, 307);
insert into entry (id, date, note, progress, fk_diary_id) values (167, '22/04/2021', 'Curabitur gravida nisi at nibh.', 5, 434);
insert into entry (id, date, note, progress, fk_diary_id) values (168, '08/08/2020', 'Praesent id massa id nisl venenatis lacinia.', 10, 351);
insert into entry (id, date, note, progress, fk_diary_id) values (169, '17/05/2021', 'In blandit ultrices enim.', 9, 418);
insert into entry (id, date, note, progress, fk_diary_id) values (170, '26/07/2020', 'Fusce posuere felis sed lacus.', 10, 464);
insert into entry (id, date, note, progress, fk_diary_id) values (171, '20/09/2020', 'Mauris lacinia sapien quis libero.', 3, 303);
insert into entry (id, date, note, progress, fk_diary_id) values (172, '10/08/2020', 'Vestibulum ante ipsum primis in faucibus orci luctus et ultrices posuere cubilia Curae; Nulla dapibus dolor vel est.', 2, 463);
insert into entry (id, date, note, progress, fk_diary_id) values (173, '13/11/2020', 'In hac habitasse platea dictumst.', 4, 348);
insert into entry (id, date, note, progress, fk_diary_id) values (174, '29/06/2020', 'Morbi non lectus.', 5, 68);
insert into entry (id, date, note, progress, fk_diary_id) values (175, '01/02/2021', 'Lorem ipsum dolor sit amet, consectetuer adipiscing elit.', 2, 119);
insert into entry (id, date, note, progress, fk_diary_id) values (176, '04/09/2020', 'Fusce posuere felis sed lacus.', 9, 441);
insert into entry (id, date, note, progress, fk_diary_id) values (177, '25/03/2021', 'Duis bibendum, felis sed interdum venenatis, turpis enim blandit mi, in porttitor pede justo eu massa.', 2, 467);
insert into entry (id, date, note, progress, fk_diary_id) values (178, '22/11/2020', 'Donec dapibus.', 8, 423);
insert into entry (id, date, note, progress, fk_diary_id) values (179, '06/03/2021', 'Suspendisse accumsan tortor quis turpis.', 9, 335);
insert into entry (id, date, note, progress, fk_diary_id) values (180, '16/11/2020', 'Praesent blandit lacinia erat.', 9, 363);
insert into entry (id, date, note, progress, fk_diary_id) values (181, '16/11/2020', 'Etiam vel augue.', 10, 144);
insert into entry (id, date, note, progress, fk_diary_id) values (182, '14/01/2021', 'Maecenas ut massa quis augue luctus tincidunt.', 6, 115);
insert into entry (id, date, note, progress, fk_diary_id) values (183, '03/12/2020', 'Proin eu mi.', 9, 391);
insert into entry (id, date, note, progress, fk_diary_id) values (184, '05/12/2020', 'Vestibulum quam sapien, varius ut, blandit non, interdum in, ante.', 2, 424);
insert into entry (id, date, note, progress, fk_diary_id) values (185, '30/07/2020', 'Curabitur in libero ut massa volutpat convallis.', 4, 189);
insert into entry (id, date, note, progress, fk_diary_id) values (186, '13/03/2021', 'Nulla suscipit ligula in lacus.', 1, 390);
insert into entry (id, date, note, progress, fk_diary_id) values (187, '18/06/2020', 'Nam dui.', 1, 136);
insert into entry (id, date, note, progress, fk_diary_id) values (188, '13/04/2021', 'Etiam faucibus cursus urna.', 4, 425);
insert into entry (id, date, note, progress, fk_diary_id) values (189, '28/10/2020', 'Cras in purus eu magna vulputate luctus.', 4, 94);
insert into entry (id, date, note, progress, fk_diary_id) values (190, '01/02/2021', 'In sagittis dui vel nisl.', 2, 368);
insert into entry (id, date, note, progress, fk_diary_id) values (191, '24/03/2021', 'Phasellus id sapien in sapien iaculis congue.', 8, 357);
insert into entry (id, date, note, progress, fk_diary_id) values (192, '18/11/2020', 'Suspendisse ornare consequat lectus.', 10, 101);
insert into entry (id, date, note, progress, fk_diary_id) values (193, '22/07/2020', 'Curabitur in libero ut massa volutpat convallis.', 8, 400);
insert into entry (id, date, note, progress, fk_diary_id) values (194, '04/09/2020', 'Aenean lectus.', 6, 426);
insert into entry (id, date, note, progress, fk_diary_id) values (195, '27/01/2021', 'Vivamus vestibulum sagittis sapien.', 9, 364);
insert into entry (id, date, note, progress, fk_diary_id) values (196, '29/05/2021', 'Proin leo odio, porttitor id, consequat in, consequat ut, nulla.', 6, 102);
insert into entry (id, date, note, progress, fk_diary_id) values (197, '12/08/2020', 'Praesent id massa id nisl venenatis lacinia.', 8, 389);
insert into entry (id, date, note, progress, fk_diary_id) values (198, '17/05/2021', 'Duis aliquam convallis nunc.', 9, 88);
insert into entry (id, date, note, progress, fk_diary_id) values (199, '23/11/2020', 'Mauris enim leo, rhoncus sed, vestibulum sit amet, cursus id, turpis.', 9, 241);
insert into entry (id, date, note, progress, fk_diary_id) values (200, '16/04/2021', 'Mauris sit amet eros.', 7, 440);
insert into entry (id, date, note, progress, fk_diary_id) values (201, '08/12/2020', 'Aliquam sit amet diam in magna bibendum imperdiet.', 4, 464);
insert into entry (id, date, note, progress, fk_diary_id) values (202, '10/04/2021', 'Quisque porta volutpat erat.', 10, 358);
insert into entry (id, date, note, progress, fk_diary_id) values (203, '23/09/2020', 'Nam congue, risus semper porta volutpat, quam pede lobortis ligula, sit amet eleifend pede libero quis orci.', 4, 383);
insert into entry (id, date, note, progress, fk_diary_id) values (204, '16/10/2020', 'Nullam varius.', 6, 320);
insert into entry (id, date, note, progress, fk_diary_id) values (205, '03/01/2021', 'Vestibulum ante ipsum primis in faucibus orci luctus et ultrices posuere cubilia Curae; Nulla dapibus dolor vel est.', 8, 432);
insert into entry (id, date, note, progress, fk_diary_id) values (206, '10/05/2021', 'Ut tellus.', 6, 34);
insert into entry (id, date, note, progress, fk_diary_id) values (207, '04/10/2020', 'Nulla neque libero, convallis eget, eleifend luctus, ultricies eu, nibh.', 6, 494);
insert into entry (id, date, note, progress, fk_diary_id) values (208, '13/05/2021', 'Suspendisse potenti.', 2, 141);
insert into entry (id, date, note, progress, fk_diary_id) values (209, '12/08/2020', 'Etiam pretium iaculis justo.', 1, 76);
insert into entry (id, date, note, progress, fk_diary_id) values (210, '30/12/2020', 'Morbi non quam nec dui luctus rutrum.', 1, 207);
insert into entry (id, date, note, progress, fk_diary_id) values (211, '09/07/2020', 'Morbi vel lectus in quam fringilla rhoncus.', 3, 452);
insert into entry (id, date, note, progress, fk_diary_id) values (212, '07/12/2020', 'In hac habitasse platea dictumst.', 7, 383);
insert into entry (id, date, note, progress, fk_diary_id) values (213, '06/10/2020', 'In hac habitasse platea dictumst.', 5, 314);
insert into entry (id, date, note, progress, fk_diary_id) values (214, '02/11/2020', 'Nullam sit amet turpis elementum ligula vehicula consequat.', 8, 335);
insert into entry (id, date, note, progress, fk_diary_id) values (215, '14/01/2021', 'Praesent blandit lacinia erat.', 10, 325);
insert into entry (id, date, note, progress, fk_diary_id) values (216, '30/01/2021', 'Praesent id massa id nisl venenatis lacinia.', 2, 207);
insert into entry (id, date, note, progress, fk_diary_id) values (217, '03/03/2021', 'Morbi porttitor lorem id ligula.', 7, 392);
insert into entry (id, date, note, progress, fk_diary_id) values (218, '12/07/2020', 'Mauris lacinia sapien quis libero.', 7, 69);
insert into entry (id, date, note, progress, fk_diary_id) values (219, '22/10/2020', 'Aenean sit amet justo.', 4, 141);
insert into entry (id, date, note, progress, fk_diary_id) values (220, '15/09/2020', 'Phasellus sit amet erat.', 5, 259);
insert into entry (id, date, note, progress, fk_diary_id) values (221, '12/09/2020', 'Suspendisse ornare consequat lectus.', 7, 397);
insert into entry (id, date, note, progress, fk_diary_id) values (222, '31/08/2020', 'Maecenas pulvinar lobortis est.', 7, 221);
insert into entry (id, date, note, progress, fk_diary_id) values (223, '30/12/2020', 'Praesent blandit lacinia erat.', 10, 458);
insert into entry (id, date, note, progress, fk_diary_id) values (224, '13/08/2020', 'Maecenas pulvinar lobortis est.', 9, 224);
insert into entry (id, date, note, progress, fk_diary_id) values (225, '06/06/2020', 'Maecenas tristique, est et tempus semper, est quam pharetra magna, ac consequat metus sapien ut nunc.', 7, 33);
insert into entry (id, date, note, progress, fk_diary_id) values (226, '04/10/2020', 'Nam congue, risus semper porta volutpat, quam pede lobortis ligula, sit amet eleifend pede libero quis orci.', 9, 402);
insert into entry (id, date, note, progress, fk_diary_id) values (227, '16/02/2021', 'Aenean auctor gravida sem.', 1, 376);
insert into entry (id, date, note, progress, fk_diary_id) values (228, '23/01/2021', 'Cras non velit nec nisi vulputate nonummy.', 9, 378);
insert into entry (id, date, note, progress, fk_diary_id) values (229, '18/12/2020', 'Morbi vestibulum, velit id pretium iaculis, diam erat fermentum justo, nec condimentum neque sapien placerat ante.', 5, 286);
insert into entry (id, date, note, progress, fk_diary_id) values (230, '25/03/2021', 'Vestibulum ante ipsum primis in faucibus orci luctus et ultrices posuere cubilia Curae; Nulla dapibus dolor vel est.', 10, 471);
insert into entry (id, date, note, progress, fk_diary_id) values (231, '24/07/2020', 'Morbi quis tortor id nulla ultrices aliquet.', 4, 175);
insert into entry (id, date, note, progress, fk_diary_id) values (232, '17/05/2021', 'Integer ac leo.', 2, 267);
insert into entry (id, date, note, progress, fk_diary_id) values (233, '30/08/2020', 'Praesent lectus.', 1, 381);
insert into entry (id, date, note, progress, fk_diary_id) values (234, '23/12/2020', 'Integer ac neque.', 6, 198);
insert into entry (id, date, note, progress, fk_diary_id) values (235, '18/02/2021', 'Quisque erat eros, viverra eget, congue eget, semper rutrum, nulla.', 4, 382);
insert into entry (id, date, note, progress, fk_diary_id) values (236, '21/05/2021', 'In tempor, turpis nec euismod scelerisque, quam turpis adipiscing lorem, vitae mattis nibh ligula nec sem.', 9, 473);
insert into entry (id, date, note, progress, fk_diary_id) values (237, '27/06/2020', 'Nullam molestie nibh in lectus.', 6, 396);
insert into entry (id, date, note, progress, fk_diary_id) values (238, '01/02/2021', 'Quisque arcu libero, rutrum ac, lobortis vel, dapibus at, diam.', 10, 241);
insert into entry (id, date, note, progress, fk_diary_id) values (239, '11/03/2021', 'Proin risus.', 5, 271);
insert into entry (id, date, note, progress, fk_diary_id) values (240, '17/10/2020', 'Morbi sem mauris, laoreet ut, rhoncus aliquet, pulvinar sed, nisl.', 3, 158);
insert into entry (id, date, note, progress, fk_diary_id) values (241, '09/04/2021', 'Morbi a ipsum.', 8, 239);
insert into entry (id, date, note, progress, fk_diary_id) values (242, '01/05/2021', 'Vestibulum sed magna at nunc commodo placerat.', 2, 113);
insert into entry (id, date, note, progress, fk_diary_id) values (243, '31/07/2020', 'Nunc rhoncus dui vel sem.', 6, 131);
insert into entry (id, date, note, progress, fk_diary_id) values (244, '14/12/2020', 'Vestibulum sed magna at nunc commodo placerat.', 3, 135);
insert into entry (id, date, note, progress, fk_diary_id) values (245, '20/06/2020', 'Quisque arcu libero, rutrum ac, lobortis vel, dapibus at, diam.', 9, 274);
insert into entry (id, date, note, progress, fk_diary_id) values (246, '02/08/2020', 'Mauris ullamcorper purus sit amet nulla.', 10, 114);
insert into entry (id, date, note, progress, fk_diary_id) values (247, '26/09/2020', 'Fusce posuere felis sed lacus.', 8, 248);
insert into entry (id, date, note, progress, fk_diary_id) values (248, '24/01/2021', 'Cras non velit nec nisi vulputate nonummy.', 4, 88);
insert into entry (id, date, note, progress, fk_diary_id) values (249, '02/06/2020', 'Aliquam erat volutpat.', 4, 329);
insert into entry (id, date, note, progress, fk_diary_id) values (250, '02/10/2020', 'Vestibulum rutrum rutrum neque.', 7, 148);
insert into entry (id, date, note, progress, fk_diary_id) values (251, '27/04/2021', 'Nam nulla.', 10, 339);
insert into entry (id, date, note, progress, fk_diary_id) values (252, '11/08/2020', 'Proin eu mi.', 6, 111);
insert into entry (id, date, note, progress, fk_diary_id) values (253, '31/12/2020', 'Fusce consequat.', 9, 118);
insert into entry (id, date, note, progress, fk_diary_id) values (254, '08/11/2020', 'Donec vitae nisi.', 9, 456);
insert into entry (id, date, note, progress, fk_diary_id) values (255, '08/01/2021', 'Nam ultrices, libero non mattis pulvinar, nulla pede ullamcorper augue, a suscipit nulla elit ac nulla.', 5, 16);
insert into entry (id, date, note, progress, fk_diary_id) values (256, '16/08/2020', 'Nullam varius.', 7, 487);
insert into entry (id, date, note, progress, fk_diary_id) values (257, '02/05/2021', 'Duis aliquam convallis nunc.', 7, 494);
insert into entry (id, date, note, progress, fk_diary_id) values (258, '28/06/2020', 'Quisque id justo sit amet sapien dignissim vestibulum.', 10, 124);
insert into entry (id, date, note, progress, fk_diary_id) values (259, '04/11/2020', 'Phasellus in felis.', 1, 389);
insert into entry (id, date, note, progress, fk_diary_id) values (260, '07/12/2020', 'Maecenas tincidunt lacus at velit.', 1, 3);
insert into entry (id, date, note, progress, fk_diary_id) values (261, '09/08/2020', 'Fusce posuere felis sed lacus.', 2, 440);
insert into entry (id, date, note, progress, fk_diary_id) values (262, '10/04/2021', 'Maecenas ut massa quis augue luctus tincidunt.', 7, 297);
insert into entry (id, date, note, progress, fk_diary_id) values (263, '05/07/2020', 'Lorem ipsum dolor sit amet, consectetuer adipiscing elit.', 8, 417);
insert into entry (id, date, note, progress, fk_diary_id) values (264, '19/03/2021', 'Suspendisse potenti.', 5, 352);
insert into entry (id, date, note, progress, fk_diary_id) values (265, '29/09/2020', 'Pellentesque eget nunc.', 8, 171);
insert into entry (id, date, note, progress, fk_diary_id) values (266, '19/10/2020', 'Sed sagittis.', 7, 40);
insert into entry (id, date, note, progress, fk_diary_id) values (267, '12/01/2021', 'Vestibulum ante ipsum primis in faucibus orci luctus et ultrices posuere cubilia Curae; Donec pharetra, magna vestibulum aliquet ultrices, erat tortor sollicitudin mi, sit amet lobortis sapien sapien non mi.', 9, 150);
insert into entry (id, date, note, progress, fk_diary_id) values (268, '04/06/2020', 'Morbi ut odio.', 4, 464);
insert into entry (id, date, note, progress, fk_diary_id) values (269, '07/02/2021', 'Vivamus vel nulla eget eros elementum pellentesque.', 6, 286);
insert into entry (id, date, note, progress, fk_diary_id) values (270, '26/04/2021', 'Nulla facilisi.', 9, 199);
insert into entry (id, date, note, progress, fk_diary_id) values (271, '03/05/2021', 'Mauris ullamcorper purus sit amet nulla.', 5, 122);
insert into entry (id, date, note, progress, fk_diary_id) values (272, '24/08/2020', 'Aliquam non mauris.', 10, 255);
insert into entry (id, date, note, progress, fk_diary_id) values (273, '04/09/2020', 'Fusce lacus purus, aliquet at, feugiat non, pretium quis, lectus.', 6, 353);
insert into entry (id, date, note, progress, fk_diary_id) values (274, '01/08/2020', 'Praesent id massa id nisl venenatis lacinia.', 1, 22);
insert into entry (id, date, note, progress, fk_diary_id) values (275, '12/10/2020', 'Praesent blandit.', 3, 322);
insert into entry (id, date, note, progress, fk_diary_id) values (276, '31/01/2021', 'Morbi sem mauris, laoreet ut, rhoncus aliquet, pulvinar sed, nisl.', 9, 203);
insert into entry (id, date, note, progress, fk_diary_id) values (277, '26/08/2020', 'Suspendisse potenti.', 1, 392);
insert into entry (id, date, note, progress, fk_diary_id) values (278, '31/07/2020', 'Cum sociis natoque penatibus et magnis dis parturient montes, nascetur ridiculus mus.', 3, 85);
insert into entry (id, date, note, progress, fk_diary_id) values (279, '25/06/2020', 'Morbi porttitor lorem id ligula.', 4, 197);
insert into entry (id, date, note, progress, fk_diary_id) values (280, '10/07/2020', 'Quisque ut erat.', 4, 266);
insert into entry (id, date, note, progress, fk_diary_id) values (281, '19/02/2021', 'Nulla facilisi.', 5, 400);
insert into entry (id, date, note, progress, fk_diary_id) values (282, '13/04/2021', 'Nulla suscipit ligula in lacus.', 5, 396);
insert into entry (id, date, note, progress, fk_diary_id) values (283, '03/07/2020', 'Fusce consequat.', 8, 484);
insert into entry (id, date, note, progress, fk_diary_id) values (284, '24/05/2021', 'Duis bibendum, felis sed interdum venenatis, turpis enim blandit mi, in porttitor pede justo eu massa.', 8, 77);
insert into entry (id, date, note, progress, fk_diary_id) values (285, '17/06/2020', 'Nulla ac enim.', 4, 365);
insert into entry (id, date, note, progress, fk_diary_id) values (286, '20/06/2020', 'Nam tristique tortor eu pede.', 8, 167);
insert into entry (id, date, note, progress, fk_diary_id) values (287, '18/07/2020', 'Nullam sit amet turpis elementum ligula vehicula consequat.', 4, 310);
insert into entry (id, date, note, progress, fk_diary_id) values (288, '19/04/2021', 'Nam congue, risus semper porta volutpat, quam pede lobortis ligula, sit amet eleifend pede libero quis orci.', 5, 55);
insert into entry (id, date, note, progress, fk_diary_id) values (289, '23/11/2020', 'Duis bibendum, felis sed interdum venenatis, turpis enim blandit mi, in porttitor pede justo eu massa.', 2, 203);
insert into entry (id, date, note, progress, fk_diary_id) values (290, '15/01/2021', 'Donec ut dolor.', 7, 130);
insert into entry (id, date, note, progress, fk_diary_id) values (291, '01/09/2020', 'Curabitur gravida nisi at nibh.', 4, 452);
insert into entry (id, date, note, progress, fk_diary_id) values (292, '07/11/2020', 'Quisque ut erat.', 7, 328);
insert into entry (id, date, note, progress, fk_diary_id) values (293, '14/01/2021', 'Nulla ut erat id mauris vulputate elementum.', 2, 125);
insert into entry (id, date, note, progress, fk_diary_id) values (294, '16/12/2020', 'Praesent id massa id nisl venenatis lacinia.', 6, 498);
insert into entry (id, date, note, progress, fk_diary_id) values (295, '12/12/2020', 'Nulla mollis molestie lorem.', 5, 313);
insert into entry (id, date, note, progress, fk_diary_id) values (296, '28/05/2021', 'Donec ut dolor.', 1, 491);
insert into entry (id, date, note, progress, fk_diary_id) values (297, '10/10/2020', 'Morbi non lectus.', 9, 400);
insert into entry (id, date, note, progress, fk_diary_id) values (298, '21/06/2020', 'Nam congue, risus semper porta volutpat, quam pede lobortis ligula, sit amet eleifend pede libero quis orci.', 9, 247);
insert into entry (id, date, note, progress, fk_diary_id) values (299, '26/12/2020', 'Nullam sit amet turpis elementum ligula vehicula consequat.', 4, 324);
insert into entry (id, date, note, progress, fk_diary_id) values (300, '04/09/2020', 'Proin interdum mauris non ligula pellentesque ultrices.', 5, 199);
insert into entry (id, date, note, progress, fk_diary_id) values (301, '04/10/2020', 'Nam nulla.', 10, 215);
insert into entry (id, date, note, progress, fk_diary_id) values (302, '14/01/2021', 'Proin risus.', 6, 379);
insert into entry (id, date, note, progress, fk_diary_id) values (303, '22/01/2021', 'Proin interdum mauris non ligula pellentesque ultrices.', 2, 494);
insert into entry (id, date, note, progress, fk_diary_id) values (304, '28/08/2020', 'Praesent blandit lacinia erat.', 1, 173);
insert into entry (id, date, note, progress, fk_diary_id) values (305, '14/11/2020', 'Phasellus sit amet erat.', 10, 273);
insert into entry (id, date, note, progress, fk_diary_id) values (306, '16/12/2020', 'Aliquam erat volutpat.', 2, 444);
insert into entry (id, date, note, progress, fk_diary_id) values (307, '23/05/2021', 'Nullam sit amet turpis elementum ligula vehicula consequat.', 9, 179);
insert into entry (id, date, note, progress, fk_diary_id) values (308, '31/07/2020', 'Maecenas rhoncus aliquam lacus.', 7, 20);
insert into entry (id, date, note, progress, fk_diary_id) values (309, '23/01/2021', 'Integer a nibh.', 9, 178);
insert into entry (id, date, note, progress, fk_diary_id) values (310, '27/06/2020', 'Suspendisse potenti.', 3, 434);
insert into entry (id, date, note, progress, fk_diary_id) values (311, '09/10/2020', 'Donec quis orci eget orci vehicula condimentum.', 4, 291);
insert into entry (id, date, note, progress, fk_diary_id) values (312, '27/06/2020', 'Vestibulum ante ipsum primis in faucibus orci luctus et ultrices posuere cubilia Curae; Donec pharetra, magna vestibulum aliquet ultrices, erat tortor sollicitudin mi, sit amet lobortis sapien sapien non mi.', 1, 127);
insert into entry (id, date, note, progress, fk_diary_id) values (313, '20/10/2020', 'Aliquam non mauris.', 5, 273);
insert into entry (id, date, note, progress, fk_diary_id) values (314, '05/01/2021', 'Proin risus.', 9, 383);
insert into entry (id, date, note, progress, fk_diary_id) values (315, '22/08/2020', 'Pellentesque eget nunc.', 7, 66);
insert into entry (id, date, note, progress, fk_diary_id) values (316, '06/12/2020', 'Morbi vel lectus in quam fringilla rhoncus.', 5, 472);
insert into entry (id, date, note, progress, fk_diary_id) values (317, '16/06/2020', 'Cras pellentesque volutpat dui.', 4, 248);
insert into entry (id, date, note, progress, fk_diary_id) values (318, '24/09/2020', 'Sed vel enim sit amet nunc viverra dapibus.', 9, 83);
insert into entry (id, date, note, progress, fk_diary_id) values (319, '28/09/2020', 'Quisque id justo sit amet sapien dignissim vestibulum.', 7, 180);
insert into entry (id, date, note, progress, fk_diary_id) values (320, '27/10/2020', 'Suspendisse accumsan tortor quis turpis.', 3, 414);
insert into entry (id, date, note, progress, fk_diary_id) values (321, '01/03/2021', 'Donec ut dolor.', 10, 158);
insert into entry (id, date, note, progress, fk_diary_id) values (322, '17/04/2021', 'Integer non velit.', 4, 468);
insert into entry (id, date, note, progress, fk_diary_id) values (323, '07/09/2020', 'Etiam faucibus cursus urna.', 3, 297);
insert into entry (id, date, note, progress, fk_diary_id) values (324, '04/02/2021', 'Phasellus sit amet erat.', 8, 318);
insert into entry (id, date, note, progress, fk_diary_id) values (325, '19/10/2020', 'Donec posuere metus vitae ipsum.', 5, 210);
insert into entry (id, date, note, progress, fk_diary_id) values (326, '04/04/2021', 'Ut at dolor quis odio consequat varius.', 5, 81);
insert into entry (id, date, note, progress, fk_diary_id) values (327, '25/07/2020', 'Fusce lacus purus, aliquet at, feugiat non, pretium quis, lectus.', 2, 319);
insert into entry (id, date, note, progress, fk_diary_id) values (328, '22/11/2020', 'In quis justo.', 5, 240);
insert into entry (id, date, note, progress, fk_diary_id) values (329, '18/04/2021', 'Morbi a ipsum.', 5, 347);
insert into entry (id, date, note, progress, fk_diary_id) values (330, '05/02/2021', 'Duis at velit eu est congue elementum.', 9, 406);
insert into entry (id, date, note, progress, fk_diary_id) values (331, '23/05/2021', 'In hac habitasse platea dictumst.', 9, 8);
insert into entry (id, date, note, progress, fk_diary_id) values (332, '19/04/2021', 'In blandit ultrices enim.', 2, 371);
insert into entry (id, date, note, progress, fk_diary_id) values (333, '25/10/2020', 'Donec ut dolor.', 1, 382);
insert into entry (id, date, note, progress, fk_diary_id) values (334, '03/02/2021', 'Sed vel enim sit amet nunc viverra dapibus.', 8, 260);
insert into entry (id, date, note, progress, fk_diary_id) values (335, '29/09/2020', 'Integer tincidunt ante vel ipsum.', 1, 155);
insert into entry (id, date, note, progress, fk_diary_id) values (336, '30/01/2021', 'Integer tincidunt ante vel ipsum.', 2, 349);
insert into entry (id, date, note, progress, fk_diary_id) values (337, '16/05/2021', 'Aenean auctor gravida sem.', 8, 217);
insert into entry (id, date, note, progress, fk_diary_id) values (338, '20/09/2020', 'Cras pellentesque volutpat dui.', 10, 313);
insert into entry (id, date, note, progress, fk_diary_id) values (339, '12/03/2021', 'Lorem ipsum dolor sit amet, consectetuer adipiscing elit.', 10, 472);
insert into entry (id, date, note, progress, fk_diary_id) values (340, '29/01/2021', 'Maecenas rhoncus aliquam lacus.', 9, 471);
insert into entry (id, date, note, progress, fk_diary_id) values (341, '08/07/2020', 'Nulla mollis molestie lorem.', 1, 383);
insert into entry (id, date, note, progress, fk_diary_id) values (342, '05/12/2020', 'Nunc rhoncus dui vel sem.', 5, 374);
insert into entry (id, date, note, progress, fk_diary_id) values (343, '19/03/2021', 'Aenean auctor gravida sem.', 1, 491);
insert into entry (id, date, note, progress, fk_diary_id) values (344, '11/09/2020', 'Donec ut mauris eget massa tempor convallis.', 4, 366);
insert into entry (id, date, note, progress, fk_diary_id) values (345, '21/12/2020', 'Etiam pretium iaculis justo.', 8, 57);
insert into entry (id, date, note, progress, fk_diary_id) values (346, '27/04/2021', 'Morbi ut odio.', 8, 195);
insert into entry (id, date, note, progress, fk_diary_id) values (347, '09/07/2020', 'Vestibulum ac est lacinia nisi venenatis tristique.', 2, 149);
insert into entry (id, date, note, progress, fk_diary_id) values (348, '26/12/2020', 'Fusce lacus purus, aliquet at, feugiat non, pretium quis, lectus.', 2, 133);
insert into entry (id, date, note, progress, fk_diary_id) values (349, '04/06/2020', 'Aliquam sit amet diam in magna bibendum imperdiet.', 7, 348);
insert into entry (id, date, note, progress, fk_diary_id) values (350, '02/01/2021', 'Nam ultrices, libero non mattis pulvinar, nulla pede ullamcorper augue, a suscipit nulla elit ac nulla.', 4, 230);
insert into entry (id, date, note, progress, fk_diary_id) values (351, '22/04/2021', 'Suspendisse potenti.', 7, 112);
insert into entry (id, date, note, progress, fk_diary_id) values (352, '16/11/2020', 'Donec diam neque, vestibulum eget, vulputate ut, ultrices vel, augue.', 7, 130);
insert into entry (id, date, note, progress, fk_diary_id) values (353, '13/01/2021', 'Nulla neque libero, convallis eget, eleifend luctus, ultricies eu, nibh.', 1, 85);
insert into entry (id, date, note, progress, fk_diary_id) values (354, '23/05/2021', 'Nulla tellus.', 3, 22);
insert into entry (id, date, note, progress, fk_diary_id) values (355, '25/04/2021', 'In blandit ultrices enim.', 5, 80);
insert into entry (id, date, note, progress, fk_diary_id) values (356, '23/03/2021', 'Nulla justo.', 9, 247);
insert into entry (id, date, note, progress, fk_diary_id) values (357, '15/06/2020', 'Vivamus vel nulla eget eros elementum pellentesque.', 3, 408);
insert into entry (id, date, note, progress, fk_diary_id) values (358, '07/05/2021', 'Nullam porttitor lacus at turpis.', 5, 216);
insert into entry (id, date, note, progress, fk_diary_id) values (359, '18/05/2021', 'Praesent lectus.', 10, 369);
insert into entry (id, date, note, progress, fk_diary_id) values (360, '05/11/2020', 'Vivamus metus arcu, adipiscing molestie, hendrerit at, vulputate vitae, nisl.', 1, 205);
insert into entry (id, date, note, progress, fk_diary_id) values (361, '27/03/2021', 'Vestibulum ante ipsum primis in faucibus orci luctus et ultrices posuere cubilia Curae; Duis faucibus accumsan odio.', 10, 70);
insert into entry (id, date, note, progress, fk_diary_id) values (362, '08/04/2021', 'Pellentesque at nulla.', 8, 128);
insert into entry (id, date, note, progress, fk_diary_id) values (363, '17/06/2020', 'Aliquam augue quam, sollicitudin vitae, consectetuer eget, rutrum at, lorem.', 3, 74);
insert into entry (id, date, note, progress, fk_diary_id) values (364, '08/02/2021', 'Vivamus vestibulum sagittis sapien.', 4, 98);
insert into entry (id, date, note, progress, fk_diary_id) values (365, '05/07/2020', 'Integer a nibh.', 2, 209);
insert into entry (id, date, note, progress, fk_diary_id) values (366, '17/05/2021', 'Morbi quis tortor id nulla ultrices aliquet.', 7, 329);
insert into entry (id, date, note, progress, fk_diary_id) values (367, '13/02/2021', 'Donec dapibus.', 8, 446);
insert into entry (id, date, note, progress, fk_diary_id) values (368, '24/04/2021', 'Nullam sit amet turpis elementum ligula vehicula consequat.', 8, 425);
insert into entry (id, date, note, progress, fk_diary_id) values (369, '01/05/2021', 'Donec ut dolor.', 6, 421);
insert into entry (id, date, note, progress, fk_diary_id) values (370, '27/07/2020', 'Cum sociis natoque penatibus et magnis dis parturient montes, nascetur ridiculus mus.', 10, 129);
insert into entry (id, date, note, progress, fk_diary_id) values (371, '02/09/2020', 'Fusce consequat.', 7, 59);
insert into entry (id, date, note, progress, fk_diary_id) values (372, '08/02/2021', 'Nulla ac enim.', 4, 202);
insert into entry (id, date, note, progress, fk_diary_id) values (373, '20/04/2021', 'Proin at turpis a pede posuere nonummy.', 4, 123);
insert into entry (id, date, note, progress, fk_diary_id) values (374, '07/03/2021', 'Duis consequat dui nec nisi volutpat eleifend.', 3, 379);
insert into entry (id, date, note, progress, fk_diary_id) values (375, '31/08/2020', 'Aliquam quis turpis eget elit sodales scelerisque.', 6, 153);
insert into entry (id, date, note, progress, fk_diary_id) values (376, '02/08/2020', 'Aliquam quis turpis eget elit sodales scelerisque.', 7, 317);
insert into entry (id, date, note, progress, fk_diary_id) values (377, '12/06/2020', 'Mauris lacinia sapien quis libero.', 7, 70);
insert into entry (id, date, note, progress, fk_diary_id) values (378, '19/05/2021', 'Vestibulum ante ipsum primis in faucibus orci luctus et ultrices posuere cubilia Curae; Mauris viverra diam vitae quam.', 5, 35);
insert into entry (id, date, note, progress, fk_diary_id) values (379, '17/06/2020', 'Morbi non lectus.', 4, 207);
insert into entry (id, date, note, progress, fk_diary_id) values (380, '16/08/2020', 'Phasellus sit amet erat.', 7, 61);
insert into entry (id, date, note, progress, fk_diary_id) values (381, '01/09/2020', 'Cras pellentesque volutpat dui.', 9, 116);
insert into entry (id, date, note, progress, fk_diary_id) values (382, '21/11/2020', 'Praesent lectus.', 6, 460);
insert into entry (id, date, note, progress, fk_diary_id) values (383, '04/08/2020', 'Mauris ullamcorper purus sit amet nulla.', 1, 128);
insert into entry (id, date, note, progress, fk_diary_id) values (384, '13/08/2020', 'Mauris enim leo, rhoncus sed, vestibulum sit amet, cursus id, turpis.', 8, 417);
insert into entry (id, date, note, progress, fk_diary_id) values (385, '18/01/2021', 'Maecenas ut massa quis augue luctus tincidunt.', 8, 362);
insert into entry (id, date, note, progress, fk_diary_id) values (386, '15/03/2021', 'Proin interdum mauris non ligula pellentesque ultrices.', 3, 330);
insert into entry (id, date, note, progress, fk_diary_id) values (387, '03/04/2021', 'Nunc rhoncus dui vel sem.', 6, 168);
insert into entry (id, date, note, progress, fk_diary_id) values (388, '10/01/2021', 'Cras non velit nec nisi vulputate nonummy.', 1, 44);
insert into entry (id, date, note, progress, fk_diary_id) values (389, '09/01/2021', 'Integer tincidunt ante vel ipsum.', 2, 253);
insert into entry (id, date, note, progress, fk_diary_id) values (390, '07/07/2020', 'Suspendisse ornare consequat lectus.', 5, 340);
insert into entry (id, date, note, progress, fk_diary_id) values (391, '22/06/2020', 'Duis bibendum.', 4, 88);
insert into entry (id, date, note, progress, fk_diary_id) values (392, '30/03/2021', 'Etiam justo.', 7, 124);
insert into entry (id, date, note, progress, fk_diary_id) values (393, '07/10/2020', 'In eleifend quam a odio.', 6, 346);
insert into entry (id, date, note, progress, fk_diary_id) values (394, '19/10/2020', 'Vestibulum ac est lacinia nisi venenatis tristique.', 9, 356);
insert into entry (id, date, note, progress, fk_diary_id) values (395, '22/07/2020', 'Aliquam non mauris.', 6, 170);
insert into entry (id, date, note, progress, fk_diary_id) values (396, '24/12/2020', 'Nam ultrices, libero non mattis pulvinar, nulla pede ullamcorper augue, a suscipit nulla elit ac nulla.', 5, 83);
insert into entry (id, date, note, progress, fk_diary_id) values (397, '30/06/2020', 'Quisque arcu libero, rutrum ac, lobortis vel, dapibus at, diam.', 9, 73);
insert into entry (id, date, note, progress, fk_diary_id) values (398, '07/08/2020', 'Suspendisse potenti.', 1, 241);
insert into entry (id, date, note, progress, fk_diary_id) values (399, '06/01/2021', 'Nunc purus.', 9, 64);
insert into entry (id, date, note, progress, fk_diary_id) values (400, '10/08/2020', 'Sed vel enim sit amet nunc viverra dapibus.', 4, 54);
insert into entry (id, date, note, progress, fk_diary_id) values (401, '18/12/2020', 'Morbi quis tortor id nulla ultrices aliquet.', 6, 18);
insert into entry (id, date, note, progress, fk_diary_id) values (402, '17/03/2021', 'Morbi porttitor lorem id ligula.', 1, 213);
insert into entry (id, date, note, progress, fk_diary_id) values (403, '23/01/2021', 'Pellentesque eget nunc.', 10, 347);
insert into entry (id, date, note, progress, fk_diary_id) values (404, '18/11/2020', 'Donec dapibus.', 4, 152);
insert into entry (id, date, note, progress, fk_diary_id) values (405, '25/02/2021', 'Nulla ut erat id mauris vulputate elementum.', 9, 90);
insert into entry (id, date, note, progress, fk_diary_id) values (406, '20/06/2020', 'Nulla tempus.', 4, 37);
insert into entry (id, date, note, progress, fk_diary_id) values (407, '06/02/2021', 'Proin interdum mauris non ligula pellentesque ultrices.', 1, 344);
insert into entry (id, date, note, progress, fk_diary_id) values (408, '02/02/2021', 'In eleifend quam a odio.', 6, 184);
insert into entry (id, date, note, progress, fk_diary_id) values (409, '02/06/2020', 'Donec diam neque, vestibulum eget, vulputate ut, ultrices vel, augue.', 3, 469);
insert into entry (id, date, note, progress, fk_diary_id) values (410, '31/12/2020', 'Maecenas pulvinar lobortis est.', 2, 103);
insert into entry (id, date, note, progress, fk_diary_id) values (411, '24/02/2021', 'Lorem ipsum dolor sit amet, consectetuer adipiscing elit.', 5, 497);
insert into entry (id, date, note, progress, fk_diary_id) values (412, '21/12/2020', 'Quisque arcu libero, rutrum ac, lobortis vel, dapibus at, diam.', 2, 108);
insert into entry (id, date, note, progress, fk_diary_id) values (413, '18/08/2020', 'Integer ac leo.', 5, 270);
insert into entry (id, date, note, progress, fk_diary_id) values (414, '28/03/2021', 'Fusce consequat.', 8, 24);
insert into entry (id, date, note, progress, fk_diary_id) values (415, '08/12/2020', 'In est risus, auctor sed, tristique in, tempus sit amet, sem.', 3, 252);
insert into entry (id, date, note, progress, fk_diary_id) values (416, '15/11/2020', 'Morbi porttitor lorem id ligula.', 6, 145);
insert into entry (id, date, note, progress, fk_diary_id) values (417, '25/05/2021', 'Nam ultrices, libero non mattis pulvinar, nulla pede ullamcorper augue, a suscipit nulla elit ac nulla.', 7, 446);
insert into entry (id, date, note, progress, fk_diary_id) values (418, '13/08/2020', 'Morbi non quam nec dui luctus rutrum.', 2, 321);
insert into entry (id, date, note, progress, fk_diary_id) values (419, '20/05/2021', 'Nulla tellus.', 9, 452);
insert into entry (id, date, note, progress, fk_diary_id) values (420, '20/12/2020', 'Phasellus sit amet erat.', 5, 268);
insert into entry (id, date, note, progress, fk_diary_id) values (421, '08/07/2020', 'Aliquam augue quam, sollicitudin vitae, consectetuer eget, rutrum at, lorem.', 3, 217);
insert into entry (id, date, note, progress, fk_diary_id) values (422, '09/02/2021', 'Sed sagittis.', 5, 6);
insert into entry (id, date, note, progress, fk_diary_id) values (423, '26/05/2021', 'Duis consequat dui nec nisi volutpat eleifend.', 8, 72);
insert into entry (id, date, note, progress, fk_diary_id) values (424, '07/08/2020', 'Aenean fermentum.', 7, 20);
insert into entry (id, date, note, progress, fk_diary_id) values (425, '03/12/2020', 'Duis aliquam convallis nunc.', 4, 149);
insert into entry (id, date, note, progress, fk_diary_id) values (426, '15/03/2021', 'Nullam varius.', 6, 100);
insert into entry (id, date, note, progress, fk_diary_id) values (427, '13/01/2021', 'Donec diam neque, vestibulum eget, vulputate ut, ultrices vel, augue.', 8, 477);
insert into entry (id, date, note, progress, fk_diary_id) values (428, '20/12/2020', 'Donec semper sapien a libero.', 1, 147);
insert into entry (id, date, note, progress, fk_diary_id) values (429, '30/10/2020', 'Morbi vestibulum, velit id pretium iaculis, diam erat fermentum justo, nec condimentum neque sapien placerat ante.', 6, 131);
insert into entry (id, date, note, progress, fk_diary_id) values (430, '23/05/2021', 'Cum sociis natoque penatibus et magnis dis parturient montes, nascetur ridiculus mus.', 9, 38);
insert into entry (id, date, note, progress, fk_diary_id) values (431, '29/04/2021', 'Pellentesque viverra pede ac diam.', 5, 455);
insert into entry (id, date, note, progress, fk_diary_id) values (432, '02/07/2020', 'Donec dapibus.', 7, 325);
insert into entry (id, date, note, progress, fk_diary_id) values (433, '08/11/2020', 'Proin interdum mauris non ligula pellentesque ultrices.', 6, 204);
insert into entry (id, date, note, progress, fk_diary_id) values (434, '18/01/2021', 'Duis bibendum, felis sed interdum venenatis, turpis enim blandit mi, in porttitor pede justo eu massa.', 2, 115);
insert into entry (id, date, note, progress, fk_diary_id) values (435, '26/10/2020', 'Pellentesque viverra pede ac diam.', 7, 226);
insert into entry (id, date, note, progress, fk_diary_id) values (436, '29/09/2020', 'Cum sociis natoque penatibus et magnis dis parturient montes, nascetur ridiculus mus.', 10, 180);
insert into entry (id, date, note, progress, fk_diary_id) values (437, '04/04/2021', 'In quis justo.', 8, 194);
insert into entry (id, date, note, progress, fk_diary_id) values (438, '01/07/2020', 'Duis bibendum, felis sed interdum venenatis, turpis enim blandit mi, in porttitor pede justo eu massa.', 6, 171);
insert into entry (id, date, note, progress, fk_diary_id) values (439, '27/04/2021', 'In tempor, turpis nec euismod scelerisque, quam turpis adipiscing lorem, vitae mattis nibh ligula nec sem.', 7, 113);
insert into entry (id, date, note, progress, fk_diary_id) values (440, '26/10/2020', 'Morbi sem mauris, laoreet ut, rhoncus aliquet, pulvinar sed, nisl.', 6, 43);
insert into entry (id, date, note, progress, fk_diary_id) values (441, '01/10/2020', 'Nulla nisl.', 3, 448);
insert into entry (id, date, note, progress, fk_diary_id) values (442, '14/04/2021', 'Nullam orci pede, venenatis non, sodales sed, tincidunt eu, felis.', 5, 416);
insert into entry (id, date, note, progress, fk_diary_id) values (443, '16/01/2021', 'Praesent blandit lacinia erat.', 10, 72);
insert into entry (id, date, note, progress, fk_diary_id) values (444, '01/02/2021', 'Maecenas pulvinar lobortis est.', 4, 431);
insert into entry (id, date, note, progress, fk_diary_id) values (445, '11/12/2020', 'Integer a nibh.', 9, 206);
insert into entry (id, date, note, progress, fk_diary_id) values (446, '14/03/2021', 'Curabitur gravida nisi at nibh.', 5, 191);
insert into entry (id, date, note, progress, fk_diary_id) values (447, '27/09/2020', 'Fusce consequat.', 4, 203);
insert into entry (id, date, note, progress, fk_diary_id) values (448, '15/09/2020', 'Integer tincidunt ante vel ipsum.', 10, 117);
insert into entry (id, date, note, progress, fk_diary_id) values (449, '13/09/2020', 'In quis justo.', 2, 479);
insert into entry (id, date, note, progress, fk_diary_id) values (450, '23/09/2020', 'Integer pede justo, lacinia eget, tincidunt eget, tempus vel, pede.', 7, 309);
insert into entry (id, date, note, progress, fk_diary_id) values (451, '13/09/2020', 'Ut at dolor quis odio consequat varius.', 7, 406);
insert into entry (id, date, note, progress, fk_diary_id) values (452, '05/10/2020', 'Integer ac leo.', 1, 447);
insert into entry (id, date, note, progress, fk_diary_id) values (453, '14/11/2020', 'Nunc purus.', 5, 290);
insert into entry (id, date, note, progress, fk_diary_id) values (454, '03/06/2020', 'Nulla suscipit ligula in lacus.', 3, 228);
insert into entry (id, date, note, progress, fk_diary_id) values (455, '02/02/2021', 'Donec odio justo, sollicitudin ut, suscipit a, feugiat et, eros.', 4, 228);
insert into entry (id, date, note, progress, fk_diary_id) values (456, '03/12/2020', 'Proin interdum mauris non ligula pellentesque ultrices.', 4, 319);
insert into entry (id, date, note, progress, fk_diary_id) values (457, '02/03/2021', 'Duis mattis egestas metus.', 8, 175);
insert into entry (id, date, note, progress, fk_diary_id) values (458, '02/02/2021', 'Curabitur convallis.', 5, 18);
insert into entry (id, date, note, progress, fk_diary_id) values (459, '08/02/2021', 'Etiam vel augue.', 9, 331);
insert into entry (id, date, note, progress, fk_diary_id) values (460, '04/09/2020', 'Vivamus tortor.', 4, 281);
insert into entry (id, date, note, progress, fk_diary_id) values (461, '19/12/2020', 'Duis bibendum, felis sed interdum venenatis, turpis enim blandit mi, in porttitor pede justo eu massa.', 4, 435);
insert into entry (id, date, note, progress, fk_diary_id) values (462, '15/07/2020', 'Phasellus sit amet erat.', 6, 473);
insert into entry (id, date, note, progress, fk_diary_id) values (463, '17/03/2021', 'Curabitur convallis.', 7, 184);
insert into entry (id, date, note, progress, fk_diary_id) values (464, '12/12/2020', 'Nulla justo.', 6, 91);
insert into entry (id, date, note, progress, fk_diary_id) values (465, '27/04/2021', 'Quisque ut erat.', 6, 58);
insert into entry (id, date, note, progress, fk_diary_id) values (466, '12/04/2021', 'Morbi vel lectus in quam fringilla rhoncus.', 1, 387);
insert into entry (id, date, note, progress, fk_diary_id) values (467, '03/10/2020', 'Vivamus metus arcu, adipiscing molestie, hendrerit at, vulputate vitae, nisl.', 7, 67);
insert into entry (id, date, note, progress, fk_diary_id) values (468, '16/01/2021', 'Etiam pretium iaculis justo.', 1, 130);
insert into entry (id, date, note, progress, fk_diary_id) values (469, '11/04/2021', 'In hac habitasse platea dictumst.', 2, 471);
insert into entry (id, date, note, progress, fk_diary_id) values (470, '17/09/2020', 'Aenean auctor gravida sem.', 7, 167);
insert into entry (id, date, note, progress, fk_diary_id) values (471, '18/09/2020', 'Morbi ut odio.', 10, 434);
insert into entry (id, date, note, progress, fk_diary_id) values (472, '01/08/2020', 'Pellentesque eget nunc.', 2, 452);
insert into entry (id, date, note, progress, fk_diary_id) values (473, '27/07/2020', 'Nulla mollis molestie lorem.', 7, 224);
insert into entry (id, date, note, progress, fk_diary_id) values (474, '25/10/2020', 'Vivamus tortor.', 7, 445);
insert into entry (id, date, note, progress, fk_diary_id) values (475, '08/09/2020', 'Nulla ut erat id mauris vulputate elementum.', 2, 155);
insert into entry (id, date, note, progress, fk_diary_id) values (476, '13/02/2021', 'Fusce posuere felis sed lacus.', 10, 121);
insert into entry (id, date, note, progress, fk_diary_id) values (477, '02/03/2021', 'Mauris sit amet eros.', 5, 306);
insert into entry (id, date, note, progress, fk_diary_id) values (478, '15/02/2021', 'Phasellus sit amet erat.', 9, 381);
insert into entry (id, date, note, progress, fk_diary_id) values (479, '29/11/2020', 'Nam congue, risus semper porta volutpat, quam pede lobortis ligula, sit amet eleifend pede libero quis orci.', 9, 88);
insert into entry (id, date, note, progress, fk_diary_id) values (480, '21/08/2020', 'Proin interdum mauris non ligula pellentesque ultrices.', 5, 42);
insert into entry (id, date, note, progress, fk_diary_id) values (481, '09/05/2021', 'Suspendisse potenti.', 10, 274);
insert into entry (id, date, note, progress, fk_diary_id) values (482, '27/10/2020', 'Cras in purus eu magna vulputate luctus.', 2, 140);
insert into entry (id, date, note, progress, fk_diary_id) values (483, '09/01/2021', 'Aliquam augue quam, sollicitudin vitae, consectetuer eget, rutrum at, lorem.', 1, 161);
insert into entry (id, date, note, progress, fk_diary_id) values (484, '30/08/2020', 'Etiam justo.', 8, 253);
insert into entry (id, date, note, progress, fk_diary_id) values (485, '11/05/2021', 'Morbi quis tortor id nulla ultrices aliquet.', 2, 393);
insert into entry (id, date, note, progress, fk_diary_id) values (486, '29/03/2021', 'Sed ante.', 10, 320);
insert into entry (id, date, note, progress, fk_diary_id) values (487, '16/02/2021', 'In hac habitasse platea dictumst.', 1, 204);
insert into entry (id, date, note, progress, fk_diary_id) values (488, '03/01/2021', 'Vestibulum ac est lacinia nisi venenatis tristique.', 2, 115);
insert into entry (id, date, note, progress, fk_diary_id) values (489, '30/11/2020', 'Ut tellus.', 7, 343);
insert into entry (id, date, note, progress, fk_diary_id) values (490, '05/05/2021', 'Curabitur gravida nisi at nibh.', 2, 294);
insert into entry (id, date, note, progress, fk_diary_id) values (491, '12/12/2020', 'Cras mi pede, malesuada in, imperdiet et, commodo vulputate, justo.', 1, 185);
insert into entry (id, date, note, progress, fk_diary_id) values (492, '23/02/2021', 'Fusce congue, diam id ornare imperdiet, sapien urna pretium nisl, ut volutpat sapien arcu sed augue.', 3, 201);
insert into entry (id, date, note, progress, fk_diary_id) values (493, '18/03/2021', 'In quis justo.', 7, 180);
insert into entry (id, date, note, progress, fk_diary_id) values (494, '18/03/2021', 'Donec dapibus.', 7, 57);
insert into entry (id, date, note, progress, fk_diary_id) values (495, '03/12/2020', 'Curabitur gravida nisi at nibh.', 7, 206);
insert into entry (id, date, note, progress, fk_diary_id) values (496, '10/06/2020', 'Vivamus vestibulum sagittis sapien.', 10, 182);
insert into entry (id, date, note, progress, fk_diary_id) values (497, '09/03/2021', 'Vivamus in felis eu sapien cursus vestibulum.', 6, 115);
insert into entry (id, date, note, progress, fk_diary_id) values (498, '25/07/2020', 'In eleifend quam a odio.', 9, 360);
insert into entry (id, date, note, progress, fk_diary_id) values (499, '02/03/2021', 'Phasellus sit amet erat.', 7, 124);
insert into entry (id, date, note, progress, fk_diary_id) values (500, '20/09/2020', 'Morbi non quam nec dui luctus rutrum.', 2, 144);
insert into entry (id, date, note, progress, fk_diary_id) values (501, '29/07/2020', 'In tempor, turpis nec euismod scelerisque, quam turpis adipiscing lorem, vitae mattis nibh ligula nec sem.', 5, 326);
insert into entry (id, date, note, progress, fk_diary_id) values (502, '09/12/2020', 'Phasellus id sapien in sapien iaculis congue.', 7, 174);
insert into entry (id, date, note, progress, fk_diary_id) values (503, '24/06/2020', 'Donec posuere metus vitae ipsum.', 9, 62);
insert into entry (id, date, note, progress, fk_diary_id) values (504, '21/07/2020', 'Curabitur at ipsum ac tellus semper interdum.', 9, 427);
insert into entry (id, date, note, progress, fk_diary_id) values (505, '03/12/2020', 'Morbi odio odio, elementum eu, interdum eu, tincidunt in, leo.', 5, 92);
insert into entry (id, date, note, progress, fk_diary_id) values (506, '06/11/2020', 'Integer ac neque.', 1, 130);
insert into entry (id, date, note, progress, fk_diary_id) values (507, '19/04/2021', 'Integer ac leo.', 6, 420);
insert into entry (id, date, note, progress, fk_diary_id) values (508, '07/03/2021', 'Aliquam quis turpis eget elit sodales scelerisque.', 8, 232);
insert into entry (id, date, note, progress, fk_diary_id) values (509, '17/03/2021', 'Pellentesque at nulla.', 4, 62);
insert into entry (id, date, note, progress, fk_diary_id) values (510, '18/02/2021', 'Nunc nisl.', 2, 326);
insert into entry (id, date, note, progress, fk_diary_id) values (511, '20/10/2020', 'Vestibulum ante ipsum primis in faucibus orci luctus et ultrices posuere cubilia Curae; Mauris viverra diam vitae quam.', 6, 274);
insert into entry (id, date, note, progress, fk_diary_id) values (512, '16/04/2021', 'In hac habitasse platea dictumst.', 10, 76);
insert into entry (id, date, note, progress, fk_diary_id) values (513, '03/09/2020', 'Nunc nisl.', 1, 177);
insert into entry (id, date, note, progress, fk_diary_id) values (514, '28/04/2021', 'Duis bibendum, felis sed interdum venenatis, turpis enim blandit mi, in porttitor pede justo eu massa.', 5, 416);
insert into entry (id, date, note, progress, fk_diary_id) values (515, '20/08/2020', 'Nulla ut erat id mauris vulputate elementum.', 8, 456);
insert into entry (id, date, note, progress, fk_diary_id) values (516, '31/10/2020', 'Nulla ac enim.', 10, 129);
insert into entry (id, date, note, progress, fk_diary_id) values (517, '27/07/2020', 'Cras mi pede, malesuada in, imperdiet et, commodo vulputate, justo.', 6, 240);
insert into entry (id, date, note, progress, fk_diary_id) values (518, '23/01/2021', 'Cum sociis natoque penatibus et magnis dis parturient montes, nascetur ridiculus mus.', 3, 422);
insert into entry (id, date, note, progress, fk_diary_id) values (519, '30/12/2020', 'In hac habitasse platea dictumst.', 9, 402);
insert into entry (id, date, note, progress, fk_diary_id) values (520, '06/11/2020', 'Morbi non lectus.', 7, 428);
insert into entry (id, date, note, progress, fk_diary_id) values (521, '12/04/2021', 'Quisque id justo sit amet sapien dignissim vestibulum.', 2, 119);
insert into entry (id, date, note, progress, fk_diary_id) values (522, '06/09/2020', 'Vivamus tortor.', 4, 413);
insert into entry (id, date, note, progress, fk_diary_id) values (523, '07/12/2020', 'Vivamus tortor.', 9, 301);
insert into entry (id, date, note, progress, fk_diary_id) values (524, '23/12/2020', 'Donec diam neque, vestibulum eget, vulputate ut, ultrices vel, augue.', 3, 249);
insert into entry (id, date, note, progress, fk_diary_id) values (525, '02/07/2020', 'Aenean lectus.', 10, 196);
insert into entry (id, date, note, progress, fk_diary_id) values (526, '28/12/2020', 'In hac habitasse platea dictumst.', 1, 190);
insert into entry (id, date, note, progress, fk_diary_id) values (527, '24/05/2021', 'Nullam porttitor lacus at turpis.', 8, 389);
insert into entry (id, date, note, progress, fk_diary_id) values (528, '19/12/2020', 'Cras non velit nec nisi vulputate nonummy.', 7, 61);
insert into entry (id, date, note, progress, fk_diary_id) values (529, '20/04/2021', 'Mauris enim leo, rhoncus sed, vestibulum sit amet, cursus id, turpis.', 9, 316);
insert into entry (id, date, note, progress, fk_diary_id) values (530, '19/06/2020', 'Nulla nisl.', 1, 412);
insert into entry (id, date, note, progress, fk_diary_id) values (531, '29/04/2021', 'Cras in purus eu magna vulputate luctus.', 10, 42);
insert into entry (id, date, note, progress, fk_diary_id) values (532, '06/08/2020', 'Proin risus.', 7, 46);
insert into entry (id, date, note, progress, fk_diary_id) values (533, '10/10/2020', 'Quisque porta volutpat erat.', 6, 32);
insert into entry (id, date, note, progress, fk_diary_id) values (534, '01/02/2021', 'Praesent id massa id nisl venenatis lacinia.', 9, 445);
insert into entry (id, date, note, progress, fk_diary_id) values (535, '03/03/2021', 'Pellentesque ultrices mattis odio.', 8, 288);
insert into entry (id, date, note, progress, fk_diary_id) values (536, '13/01/2021', 'Donec semper sapien a libero.', 7, 450);
insert into entry (id, date, note, progress, fk_diary_id) values (537, '04/08/2020', 'Donec posuere metus vitae ipsum.', 5, 250);
insert into entry (id, date, note, progress, fk_diary_id) values (538, '15/03/2021', 'Cras in purus eu magna vulputate luctus.', 2, 131);
insert into entry (id, date, note, progress, fk_diary_id) values (539, '25/04/2021', 'Proin at turpis a pede posuere nonummy.', 8, 376);
insert into entry (id, date, note, progress, fk_diary_id) values (540, '05/07/2020', 'Integer ac neque.', 2, 358);
insert into entry (id, date, note, progress, fk_diary_id) values (541, '31/12/2020', 'Sed sagittis.', 5, 51);
insert into entry (id, date, note, progress, fk_diary_id) values (542, '03/02/2021', 'Duis at velit eu est congue elementum.', 9, 376);
insert into entry (id, date, note, progress, fk_diary_id) values (543, '29/09/2020', 'Suspendisse potenti.', 8, 374);
insert into entry (id, date, note, progress, fk_diary_id) values (544, '06/12/2020', 'Nunc purus.', 10, 46);
insert into entry (id, date, note, progress, fk_diary_id) values (545, '11/01/2021', 'Duis at velit eu est congue elementum.', 5, 270);
insert into entry (id, date, note, progress, fk_diary_id) values (546, '07/02/2021', 'Morbi odio odio, elementum eu, interdum eu, tincidunt in, leo.', 6, 304);
insert into entry (id, date, note, progress, fk_diary_id) values (547, '30/06/2020', 'Nam congue, risus semper porta volutpat, quam pede lobortis ligula, sit amet eleifend pede libero quis orci.', 2, 314);
insert into entry (id, date, note, progress, fk_diary_id) values (548, '18/07/2020', 'Phasellus id sapien in sapien iaculis congue.', 1, 267);
insert into entry (id, date, note, progress, fk_diary_id) values (549, '16/03/2021', 'Maecenas ut massa quis augue luctus tincidunt.', 4, 421);
insert into entry (id, date, note, progress, fk_diary_id) values (550, '15/12/2020', 'Vivamus vel nulla eget eros elementum pellentesque.', 10, 471);
insert into entry (id, date, note, progress, fk_diary_id) values (551, '06/03/2021', 'Nam ultrices, libero non mattis pulvinar, nulla pede ullamcorper augue, a suscipit nulla elit ac nulla.', 7, 193);
insert into entry (id, date, note, progress, fk_diary_id) values (552, '02/02/2021', 'Fusce posuere felis sed lacus.', 9, 345);
insert into entry (id, date, note, progress, fk_diary_id) values (553, '05/02/2021', 'In hac habitasse platea dictumst.', 4, 256);
insert into entry (id, date, note, progress, fk_diary_id) values (554, '19/01/2021', 'Phasellus id sapien in sapien iaculis congue.', 6, 466);
insert into entry (id, date, note, progress, fk_diary_id) values (555, '31/08/2020', 'Vestibulum ante ipsum primis in faucibus orci luctus et ultrices posuere cubilia Curae; Duis faucibus accumsan odio.', 10, 77);
insert into entry (id, date, note, progress, fk_diary_id) values (556, '03/10/2020', 'Phasellus sit amet erat.', 4, 488);
insert into entry (id, date, note, progress, fk_diary_id) values (557, '30/07/2020', 'Proin interdum mauris non ligula pellentesque ultrices.', 6, 227);
insert into entry (id, date, note, progress, fk_diary_id) values (558, '16/02/2021', 'Nunc rhoncus dui vel sem.', 7, 9);
insert into entry (id, date, note, progress, fk_diary_id) values (559, '07/11/2020', 'Pellentesque ultrices mattis odio.', 4, 318);
insert into entry (id, date, note, progress, fk_diary_id) values (560, '25/01/2021', 'Maecenas pulvinar lobortis est.', 5, 222);
insert into entry (id, date, note, progress, fk_diary_id) values (561, '29/11/2020', 'Duis bibendum, felis sed interdum venenatis, turpis enim blandit mi, in porttitor pede justo eu massa.', 10, 247);
insert into entry (id, date, note, progress, fk_diary_id) values (562, '27/08/2020', 'Maecenas tristique, est et tempus semper, est quam pharetra magna, ac consequat metus sapien ut nunc.', 4, 178);
insert into entry (id, date, note, progress, fk_diary_id) values (563, '09/09/2020', 'Phasellus sit amet erat.', 7, 405);
insert into entry (id, date, note, progress, fk_diary_id) values (564, '01/06/2020', 'Sed ante.', 6, 265);
insert into entry (id, date, note, progress, fk_diary_id) values (565, '10/10/2020', 'Morbi sem mauris, laoreet ut, rhoncus aliquet, pulvinar sed, nisl.', 7, 267);
insert into entry (id, date, note, progress, fk_diary_id) values (566, '15/04/2021', 'Phasellus in felis.', 8, 196);
insert into entry (id, date, note, progress, fk_diary_id) values (567, '14/08/2020', 'Proin eu mi.', 7, 367);
insert into entry (id, date, note, progress, fk_diary_id) values (568, '13/02/2021', 'Vestibulum ac est lacinia nisi venenatis tristique.', 3, 312);
insert into entry (id, date, note, progress, fk_diary_id) values (569, '29/06/2020', 'Nulla mollis molestie lorem.', 2, 224);
insert into entry (id, date, note, progress, fk_diary_id) values (570, '09/08/2020', 'Nam tristique tortor eu pede.', 7, 124);
insert into entry (id, date, note, progress, fk_diary_id) values (571, '13/12/2020', 'Nam ultrices, libero non mattis pulvinar, nulla pede ullamcorper augue, a suscipit nulla elit ac nulla.', 2, 298);
insert into entry (id, date, note, progress, fk_diary_id) values (572, '02/09/2020', 'Vivamus metus arcu, adipiscing molestie, hendrerit at, vulputate vitae, nisl.', 3, 460);
insert into entry (id, date, note, progress, fk_diary_id) values (573, '05/04/2021', 'Suspendisse potenti.', 9, 304);
insert into entry (id, date, note, progress, fk_diary_id) values (574, '05/03/2021', 'Vestibulum rutrum rutrum neque.', 6, 280);
insert into entry (id, date, note, progress, fk_diary_id) values (575, '07/03/2021', 'Nulla ut erat id mauris vulputate elementum.', 3, 428);
insert into entry (id, date, note, progress, fk_diary_id) values (576, '05/12/2020', 'Proin eu mi.', 1, 328);
insert into entry (id, date, note, progress, fk_diary_id) values (577, '25/07/2020', 'Suspendisse potenti.', 6, 491);
insert into entry (id, date, note, progress, fk_diary_id) values (578, '18/03/2021', 'Nullam orci pede, venenatis non, sodales sed, tincidunt eu, felis.', 1, 278);
insert into entry (id, date, note, progress, fk_diary_id) values (579, '25/02/2021', 'Mauris lacinia sapien quis libero.', 3, 214);
insert into entry (id, date, note, progress, fk_diary_id) values (580, '26/11/2020', 'Mauris enim leo, rhoncus sed, vestibulum sit amet, cursus id, turpis.', 5, 495);
insert into entry (id, date, note, progress, fk_diary_id) values (581, '06/11/2020', 'Nullam sit amet turpis elementum ligula vehicula consequat.', 1, 252);
insert into entry (id, date, note, progress, fk_diary_id) values (582, '28/11/2020', 'Mauris sit amet eros.', 6, 198);
insert into entry (id, date, note, progress, fk_diary_id) values (583, '16/02/2021', 'Nulla nisl.', 3, 449);
insert into entry (id, date, note, progress, fk_diary_id) values (584, '14/02/2021', 'Donec semper sapien a libero.', 2, 425);
insert into entry (id, date, note, progress, fk_diary_id) values (585, '27/03/2021', 'Nulla neque libero, convallis eget, eleifend luctus, ultricies eu, nibh.', 5, 45);
insert into entry (id, date, note, progress, fk_diary_id) values (586, '18/02/2021', 'Quisque arcu libero, rutrum ac, lobortis vel, dapibus at, diam.', 9, 315);
insert into entry (id, date, note, progress, fk_diary_id) values (587, '17/10/2020', 'In tempor, turpis nec euismod scelerisque, quam turpis adipiscing lorem, vitae mattis nibh ligula nec sem.', 5, 87);
insert into entry (id, date, note, progress, fk_diary_id) values (588, '28/01/2021', 'In eleifend quam a odio.', 4, 344);
insert into entry (id, date, note, progress, fk_diary_id) values (589, '02/08/2020', 'Praesent id massa id nisl venenatis lacinia.', 10, 36);
insert into entry (id, date, note, progress, fk_diary_id) values (590, '02/07/2020', 'Integer tincidunt ante vel ipsum.', 4, 234);
insert into entry (id, date, note, progress, fk_diary_id) values (591, '15/04/2021', 'Sed sagittis.', 9, 462);
insert into entry (id, date, note, progress, fk_diary_id) values (592, '30/06/2020', 'Praesent blandit lacinia erat.', 5, 291);
insert into entry (id, date, note, progress, fk_diary_id) values (593, '07/01/2021', 'Vestibulum sed magna at nunc commodo placerat.', 3, 456);
insert into entry (id, date, note, progress, fk_diary_id) values (594, '13/12/2020', 'Nulla suscipit ligula in lacus.', 3, 177);
insert into entry (id, date, note, progress, fk_diary_id) values (595, '08/01/2021', 'Phasellus in felis.', 2, 263);
insert into entry (id, date, note, progress, fk_diary_id) values (596, '13/12/2020', 'Vivamus vel nulla eget eros elementum pellentesque.', 8, 240);
insert into entry (id, date, note, progress, fk_diary_id) values (597, '11/07/2020', 'Suspendisse ornare consequat lectus.', 8, 200);
insert into entry (id, date, note, progress, fk_diary_id) values (598, '12/11/2020', 'Suspendisse potenti.', 4, 10);
insert into entry (id, date, note, progress, fk_diary_id) values (599, '18/03/2021', 'Nullam molestie nibh in lectus.', 4, 295);
insert into entry (id, date, note, progress, fk_diary_id) values (600, '17/04/2021', 'Ut at dolor quis odio consequat varius.', 10, 291);
insert into entry (id, date, note, progress, fk_diary_id) values (601, '06/05/2021', 'Mauris lacinia sapien quis libero.', 1, 213);
insert into entry (id, date, note, progress, fk_diary_id) values (602, '21/01/2021', 'Vestibulum rutrum rutrum neque.', 2, 418);
insert into entry (id, date, note, progress, fk_diary_id) values (603, '25/09/2020', 'Cras in purus eu magna vulputate luctus.', 5, 428);
insert into entry (id, date, note, progress, fk_diary_id) values (604, '24/06/2020', 'Nulla tempus.', 4, 41);
insert into entry (id, date, note, progress, fk_diary_id) values (605, '13/12/2020', 'Nulla mollis molestie lorem.', 5, 25);
insert into entry (id, date, note, progress, fk_diary_id) values (606, '09/10/2020', 'Praesent lectus.', 10, 432);
insert into entry (id, date, note, progress, fk_diary_id) values (607, '27/03/2021', 'Sed ante.', 10, 339);
insert into entry (id, date, note, progress, fk_diary_id) values (608, '12/09/2020', 'Maecenas ut massa quis augue luctus tincidunt.', 4, 64);
insert into entry (id, date, note, progress, fk_diary_id) values (609, '29/01/2021', 'In hac habitasse platea dictumst.', 8, 174);
insert into entry (id, date, note, progress, fk_diary_id) values (610, '06/04/2021', 'Donec diam neque, vestibulum eget, vulputate ut, ultrices vel, augue.', 7, 358);
insert into entry (id, date, note, progress, fk_diary_id) values (611, '03/12/2020', 'Suspendisse potenti.', 6, 185);
insert into entry (id, date, note, progress, fk_diary_id) values (612, '13/04/2021', 'Curabitur in libero ut massa volutpat convallis.', 3, 182);
insert into entry (id, date, note, progress, fk_diary_id) values (613, '18/07/2020', 'Cras pellentesque volutpat dui.', 10, 72);
insert into entry (id, date, note, progress, fk_diary_id) values (614, '20/06/2020', 'Donec vitae nisi.', 1, 72);
insert into entry (id, date, note, progress, fk_diary_id) values (615, '02/12/2020', 'Mauris sit amet eros.', 1, 199);
insert into entry (id, date, note, progress, fk_diary_id) values (616, '21/06/2020', 'Maecenas pulvinar lobortis est.', 7, 253);
insert into entry (id, date, note, progress, fk_diary_id) values (617, '31/03/2021', 'Vivamus tortor.', 9, 19);
insert into entry (id, date, note, progress, fk_diary_id) values (618, '09/02/2021', 'Cum sociis natoque penatibus et magnis dis parturient montes, nascetur ridiculus mus.', 1, 230);
insert into entry (id, date, note, progress, fk_diary_id) values (619, '05/02/2021', 'Proin at turpis a pede posuere nonummy.', 6, 370);
insert into entry (id, date, note, progress, fk_diary_id) values (620, '06/02/2021', 'Proin leo odio, porttitor id, consequat in, consequat ut, nulla.', 6, 32);
insert into entry (id, date, note, progress, fk_diary_id) values (621, '06/02/2021', 'Donec quis orci eget orci vehicula condimentum.', 1, 490);
insert into entry (id, date, note, progress, fk_diary_id) values (622, '07/10/2020', 'Ut at dolor quis odio consequat varius.', 10, 61);
insert into entry (id, date, note, progress, fk_diary_id) values (623, '05/05/2021', 'Proin risus.', 2, 189);
insert into entry (id, date, note, progress, fk_diary_id) values (624, '25/01/2021', 'Aenean auctor gravida sem.', 1, 193);
insert into entry (id, date, note, progress, fk_diary_id) values (625, '15/05/2021', 'Nulla ut erat id mauris vulputate elementum.', 3, 435);
insert into entry (id, date, note, progress, fk_diary_id) values (626, '28/09/2020', 'Vivamus metus arcu, adipiscing molestie, hendrerit at, vulputate vitae, nisl.', 7, 255);
insert into entry (id, date, note, progress, fk_diary_id) values (627, '10/02/2021', 'Suspendisse potenti.', 1, 110);
insert into entry (id, date, note, progress, fk_diary_id) values (628, '21/05/2021', 'Maecenas tincidunt lacus at velit.', 1, 248);
insert into entry (id, date, note, progress, fk_diary_id) values (629, '27/01/2021', 'Proin eu mi.', 5, 125);
insert into entry (id, date, note, progress, fk_diary_id) values (630, '12/10/2020', 'Etiam vel augue.', 6, 489);
insert into entry (id, date, note, progress, fk_diary_id) values (631, '20/02/2021', 'Pellentesque eget nunc.', 7, 485);
insert into entry (id, date, note, progress, fk_diary_id) values (632, '03/11/2020', 'Duis bibendum, felis sed interdum venenatis, turpis enim blandit mi, in porttitor pede justo eu massa.', 6, 291);
insert into entry (id, date, note, progress, fk_diary_id) values (633, '16/10/2020', 'Nulla neque libero, convallis eget, eleifend luctus, ultricies eu, nibh.', 7, 399);
insert into entry (id, date, note, progress, fk_diary_id) values (634, '10/11/2020', 'Duis aliquam convallis nunc.', 7, 264);
insert into entry (id, date, note, progress, fk_diary_id) values (635, '14/05/2021', 'Nulla tempus.', 9, 132);
insert into entry (id, date, note, progress, fk_diary_id) values (636, '14/08/2020', 'Donec ut mauris eget massa tempor convallis.', 3, 356);
insert into entry (id, date, note, progress, fk_diary_id) values (637, '26/08/2020', 'Vivamus vestibulum sagittis sapien.', 5, 426);
insert into entry (id, date, note, progress, fk_diary_id) values (638, '16/10/2020', 'Suspendisse potenti.', 5, 345);
insert into entry (id, date, note, progress, fk_diary_id) values (639, '18/01/2021', 'Etiam faucibus cursus urna.', 5, 235);
insert into entry (id, date, note, progress, fk_diary_id) values (640, '22/12/2020', 'Nulla neque libero, convallis eget, eleifend luctus, ultricies eu, nibh.', 3, 240);
insert into entry (id, date, note, progress, fk_diary_id) values (641, '08/02/2021', 'Ut at dolor quis odio consequat varius.', 1, 115);
insert into entry (id, date, note, progress, fk_diary_id) values (642, '20/12/2020', 'Nulla neque libero, convallis eget, eleifend luctus, ultricies eu, nibh.', 7, 232);
insert into entry (id, date, note, progress, fk_diary_id) values (643, '08/02/2021', 'Proin eu mi.', 10, 218);
insert into entry (id, date, note, progress, fk_diary_id) values (644, '21/02/2021', 'Aliquam non mauris.', 10, 66);
insert into entry (id, date, note, progress, fk_diary_id) values (645, '26/04/2021', 'Nam nulla.', 4, 303);
insert into entry (id, date, note, progress, fk_diary_id) values (646, '16/04/2021', 'Praesent lectus.', 6, 49);
insert into entry (id, date, note, progress, fk_diary_id) values (647, '17/05/2021', 'Etiam pretium iaculis justo.', 1, 149);
insert into entry (id, date, note, progress, fk_diary_id) values (648, '16/03/2021', 'Quisque id justo sit amet sapien dignissim vestibulum.', 7, 16);
insert into entry (id, date, note, progress, fk_diary_id) values (649, '23/11/2020', 'Vestibulum ac est lacinia nisi venenatis tristique.', 8, 302);
insert into entry (id, date, note, progress, fk_diary_id) values (650, '24/10/2020', 'Suspendisse ornare consequat lectus.', 7, 183);
insert into entry (id, date, note, progress, fk_diary_id) values (651, '28/07/2020', 'Integer a nibh.', 2, 21);
insert into entry (id, date, note, progress, fk_diary_id) values (652, '03/01/2021', 'Nullam porttitor lacus at turpis.', 8, 321);
insert into entry (id, date, note, progress, fk_diary_id) values (653, '27/03/2021', 'Mauris ullamcorper purus sit amet nulla.', 7, 275);
insert into entry (id, date, note, progress, fk_diary_id) values (654, '19/06/2020', 'Proin interdum mauris non ligula pellentesque ultrices.', 9, 421);
insert into entry (id, date, note, progress, fk_diary_id) values (655, '22/01/2021', 'Pellentesque ultrices mattis odio.', 2, 80);
insert into entry (id, date, note, progress, fk_diary_id) values (656, '16/05/2021', 'Morbi a ipsum.', 4, 152);
insert into entry (id, date, note, progress, fk_diary_id) values (657, '05/02/2021', 'Cras non velit nec nisi vulputate nonummy.', 2, 24);
insert into entry (id, date, note, progress, fk_diary_id) values (658, '19/08/2020', 'Nulla tellus.', 5, 2);
insert into entry (id, date, note, progress, fk_diary_id) values (659, '23/02/2021', 'Nunc nisl.', 5, 281);
insert into entry (id, date, note, progress, fk_diary_id) values (660, '28/02/2021', 'Morbi porttitor lorem id ligula.', 9, 244);
insert into entry (id, date, note, progress, fk_diary_id) values (661, '28/12/2020', 'Nam congue, risus semper porta volutpat, quam pede lobortis ligula, sit amet eleifend pede libero quis orci.', 2, 129);
insert into entry (id, date, note, progress, fk_diary_id) values (662, '12/05/2021', 'Praesent id massa id nisl venenatis lacinia.', 7, 249);
insert into entry (id, date, note, progress, fk_diary_id) values (663, '14/11/2020', 'Ut at dolor quis odio consequat varius.', 10, 442);
insert into entry (id, date, note, progress, fk_diary_id) values (664, '14/09/2020', 'Sed ante.', 7, 51);
insert into entry (id, date, note, progress, fk_diary_id) values (665, '28/11/2020', 'Nunc rhoncus dui vel sem.', 3, 189);
insert into entry (id, date, note, progress, fk_diary_id) values (666, '11/01/2021', 'Proin leo odio, porttitor id, consequat in, consequat ut, nulla.', 9, 168);
insert into entry (id, date, note, progress, fk_diary_id) values (667, '04/12/2020', 'Nunc rhoncus dui vel sem.', 5, 208);
insert into entry (id, date, note, progress, fk_diary_id) values (668, '04/05/2021', 'Morbi non lectus.', 3, 34);
insert into entry (id, date, note, progress, fk_diary_id) values (669, '26/08/2020', 'Morbi quis tortor id nulla ultrices aliquet.', 7, 252);
insert into entry (id, date, note, progress, fk_diary_id) values (670, '13/08/2020', 'Nulla ut erat id mauris vulputate elementum.', 10, 285);
insert into entry (id, date, note, progress, fk_diary_id) values (671, '13/09/2020', 'Vestibulum ante ipsum primis in faucibus orci luctus et ultrices posuere cubilia Curae; Nulla dapibus dolor vel est.', 6, 480);
insert into entry (id, date, note, progress, fk_diary_id) values (672, '06/12/2020', 'Integer ac leo.', 6, 426);
insert into entry (id, date, note, progress, fk_diary_id) values (673, '01/10/2020', 'Nunc purus.', 9, 251);
insert into entry (id, date, note, progress, fk_diary_id) values (674, '04/01/2021', 'Proin at turpis a pede posuere nonummy.', 8, 152);
insert into entry (id, date, note, progress, fk_diary_id) values (675, '03/06/2020', 'Morbi odio odio, elementum eu, interdum eu, tincidunt in, leo.', 7, 86);
insert into entry (id, date, note, progress, fk_diary_id) values (676, '28/04/2021', 'Praesent id massa id nisl venenatis lacinia.', 10, 99);
insert into entry (id, date, note, progress, fk_diary_id) values (677, '21/10/2020', 'In congue.', 2, 87);
insert into entry (id, date, note, progress, fk_diary_id) values (678, '11/06/2020', 'Integer ac neque.', 4, 486);
insert into entry (id, date, note, progress, fk_diary_id) values (679, '29/04/2021', 'Sed sagittis.', 3, 494);
insert into entry (id, date, note, progress, fk_diary_id) values (680, '26/05/2021', 'Vivamus vel nulla eget eros elementum pellentesque.', 7, 170);
insert into entry (id, date, note, progress, fk_diary_id) values (681, '02/08/2020', 'Duis ac nibh.', 3, 388);
insert into entry (id, date, note, progress, fk_diary_id) values (682, '28/02/2021', 'Cras mi pede, malesuada in, imperdiet et, commodo vulputate, justo.', 10, 129);
insert into entry (id, date, note, progress, fk_diary_id) values (683, '24/02/2021', 'Integer non velit.', 7, 482);
insert into entry (id, date, note, progress, fk_diary_id) values (684, '29/11/2020', 'Integer non velit.', 9, 257);
insert into entry (id, date, note, progress, fk_diary_id) values (685, '02/08/2020', 'In tempor, turpis nec euismod scelerisque, quam turpis adipiscing lorem, vitae mattis nibh ligula nec sem.', 1, 48);
insert into entry (id, date, note, progress, fk_diary_id) values (686, '26/04/2021', 'Vivamus metus arcu, adipiscing molestie, hendrerit at, vulputate vitae, nisl.', 5, 293);
insert into entry (id, date, note, progress, fk_diary_id) values (687, '26/07/2020', 'Ut at dolor quis odio consequat varius.', 6, 19);
insert into entry (id, date, note, progress, fk_diary_id) values (688, '29/09/2020', 'Donec posuere metus vitae ipsum.', 8, 485);
insert into entry (id, date, note, progress, fk_diary_id) values (689, '06/04/2021', 'Ut tellus.', 6, 44);
insert into entry (id, date, note, progress, fk_diary_id) values (690, '03/09/2020', 'Nulla neque libero, convallis eget, eleifend luctus, ultricies eu, nibh.', 10, 427);
insert into entry (id, date, note, progress, fk_diary_id) values (691, '15/07/2020', 'Nullam molestie nibh in lectus.', 1, 172);
insert into entry (id, date, note, progress, fk_diary_id) values (692, '01/10/2020', 'Proin interdum mauris non ligula pellentesque ultrices.', 5, 430);
insert into entry (id, date, note, progress, fk_diary_id) values (693, '07/09/2020', 'Vestibulum quam sapien, varius ut, blandit non, interdum in, ante.', 4, 301);
insert into entry (id, date, note, progress, fk_diary_id) values (694, '21/01/2021', 'Suspendisse potenti.', 9, 362);
insert into entry (id, date, note, progress, fk_diary_id) values (695, '21/09/2020', 'Duis at velit eu est congue elementum.', 1, 231);
insert into entry (id, date, note, progress, fk_diary_id) values (696, '19/08/2020', 'Nam dui.', 7, 402);
insert into entry (id, date, note, progress, fk_diary_id) values (697, '11/11/2020', 'Mauris sit amet eros.', 1, 42);
insert into entry (id, date, note, progress, fk_diary_id) values (698, '15/02/2021', 'Proin at turpis a pede posuere nonummy.', 3, 407);
insert into entry (id, date, note, progress, fk_diary_id) values (699, '20/03/2021', 'Aenean auctor gravida sem.', 4, 456);
insert into entry (id, date, note, progress, fk_diary_id) values (700, '25/10/2020', 'Vestibulum ante ipsum primis in faucibus orci luctus et ultrices posuere cubilia Curae; Mauris viverra diam vitae quam.', 4, 228);
insert into entry (id, date, note, progress, fk_diary_id) values (701, '29/05/2021', 'In hac habitasse platea dictumst.', 10, 53);
insert into entry (id, date, note, progress, fk_diary_id) values (702, '23/07/2020', 'Duis consequat dui nec nisi volutpat eleifend.', 8, 162);
insert into entry (id, date, note, progress, fk_diary_id) values (703, '02/05/2021', 'Cras mi pede, malesuada in, imperdiet et, commodo vulputate, justo.', 3, 178);
insert into entry (id, date, note, progress, fk_diary_id) values (704, '05/08/2020', 'Donec posuere metus vitae ipsum.', 2, 104);
insert into entry (id, date, note, progress, fk_diary_id) values (705, '24/05/2021', 'Morbi non lectus.', 9, 425);
insert into entry (id, date, note, progress, fk_diary_id) values (706, '29/01/2021', 'Vestibulum ac est lacinia nisi venenatis tristique.', 6, 244);
insert into entry (id, date, note, progress, fk_diary_id) values (707, '17/01/2021', 'Nullam molestie nibh in lectus.', 2, 451);
insert into entry (id, date, note, progress, fk_diary_id) values (708, '26/04/2021', 'In blandit ultrices enim.', 2, 247);
insert into entry (id, date, note, progress, fk_diary_id) values (709, '20/03/2021', 'Donec ut mauris eget massa tempor convallis.', 5, 34);
insert into entry (id, date, note, progress, fk_diary_id) values (710, '13/07/2020', 'Vestibulum sed magna at nunc commodo placerat.', 7, 250);
insert into entry (id, date, note, progress, fk_diary_id) values (711, '04/11/2020', 'Ut at dolor quis odio consequat varius.', 5, 136);
insert into entry (id, date, note, progress, fk_diary_id) values (712, '02/02/2021', 'Sed ante.', 9, 467);
insert into entry (id, date, note, progress, fk_diary_id) values (713, '17/06/2020', 'Integer ac neque.', 8, 350);
insert into entry (id, date, note, progress, fk_diary_id) values (714, '15/06/2020', 'Morbi sem mauris, laoreet ut, rhoncus aliquet, pulvinar sed, nisl.', 7, 481);
insert into entry (id, date, note, progress, fk_diary_id) values (715, '04/06/2020', 'Nam congue, risus semper porta volutpat, quam pede lobortis ligula, sit amet eleifend pede libero quis orci.', 4, 384);
insert into entry (id, date, note, progress, fk_diary_id) values (716, '09/11/2020', 'Nam nulla.', 6, 490);
insert into entry (id, date, note, progress, fk_diary_id) values (717, '28/11/2020', 'Sed sagittis.', 1, 136);
insert into entry (id, date, note, progress, fk_diary_id) values (718, '24/04/2021', 'Morbi non lectus.', 10, 289);
insert into entry (id, date, note, progress, fk_diary_id) values (719, '28/11/2020', 'Curabitur gravida nisi at nibh.', 5, 405);
insert into entry (id, date, note, progress, fk_diary_id) values (720, '25/02/2021', 'Pellentesque at nulla.', 2, 227);
insert into entry (id, date, note, progress, fk_diary_id) values (721, '26/08/2020', 'Integer non velit.', 10, 258);
insert into entry (id, date, note, progress, fk_diary_id) values (722, '09/07/2020', 'Curabitur convallis.', 5, 177);
insert into entry (id, date, note, progress, fk_diary_id) values (723, '12/05/2021', 'Vivamus metus arcu, adipiscing molestie, hendrerit at, vulputate vitae, nisl.', 4, 325);
insert into entry (id, date, note, progress, fk_diary_id) values (724, '04/04/2021', 'Pellentesque viverra pede ac diam.', 4, 467);
insert into entry (id, date, note, progress, fk_diary_id) values (725, '05/12/2020', 'Ut at dolor quis odio consequat varius.', 5, 365);
insert into entry (id, date, note, progress, fk_diary_id) values (726, '21/03/2021', 'In hac habitasse platea dictumst.', 9, 270);
insert into entry (id, date, note, progress, fk_diary_id) values (727, '01/10/2020', 'Cum sociis natoque penatibus et magnis dis parturient montes, nascetur ridiculus mus.', 5, 117);
insert into entry (id, date, note, progress, fk_diary_id) values (728, '16/03/2021', 'Nunc purus.', 2, 100);
insert into entry (id, date, note, progress, fk_diary_id) values (729, '11/01/2021', 'Nulla suscipit ligula in lacus.', 2, 479);
insert into entry (id, date, note, progress, fk_diary_id) values (730, '21/06/2020', 'Mauris lacinia sapien quis libero.', 8, 347);
insert into entry (id, date, note, progress, fk_diary_id) values (731, '06/09/2020', 'Morbi vestibulum, velit id pretium iaculis, diam erat fermentum justo, nec condimentum neque sapien placerat ante.', 2, 297);
insert into entry (id, date, note, progress, fk_diary_id) values (732, '11/03/2021', 'Vivamus in felis eu sapien cursus vestibulum.', 9, 436);
insert into entry (id, date, note, progress, fk_diary_id) values (733, '12/10/2020', 'Vivamus vel nulla eget eros elementum pellentesque.', 4, 399);
insert into entry (id, date, note, progress, fk_diary_id) values (734, '06/11/2020', 'Aenean lectus.', 3, 443);
insert into entry (id, date, note, progress, fk_diary_id) values (735, '07/06/2020', 'Etiam faucibus cursus urna.', 3, 52);
insert into entry (id, date, note, progress, fk_diary_id) values (736, '06/04/2021', 'Lorem ipsum dolor sit amet, consectetuer adipiscing elit.', 1, 90);
insert into entry (id, date, note, progress, fk_diary_id) values (737, '13/03/2021', 'Nam tristique tortor eu pede.', 8, 381);
insert into entry (id, date, note, progress, fk_diary_id) values (738, '01/12/2020', 'Vivamus vel nulla eget eros elementum pellentesque.', 8, 382);
insert into entry (id, date, note, progress, fk_diary_id) values (739, '22/12/2020', 'Nunc rhoncus dui vel sem.', 4, 148);
insert into entry (id, date, note, progress, fk_diary_id) values (740, '01/03/2021', 'In eleifend quam a odio.', 2, 335);
insert into entry (id, date, note, progress, fk_diary_id) values (741, '16/07/2020', 'Maecenas pulvinar lobortis est.', 5, 380);
insert into entry (id, date, note, progress, fk_diary_id) values (742, '01/06/2020', 'Morbi vestibulum, velit id pretium iaculis, diam erat fermentum justo, nec condimentum neque sapien placerat ante.', 6, 486);
insert into entry (id, date, note, progress, fk_diary_id) values (743, '30/05/2021', 'Pellentesque ultrices mattis odio.', 5, 485);
insert into entry (id, date, note, progress, fk_diary_id) values (744, '04/11/2020', 'In blandit ultrices enim.', 6, 498);
insert into entry (id, date, note, progress, fk_diary_id) values (745, '12/10/2020', 'Phasellus sit amet erat.', 8, 186);
insert into entry (id, date, note, progress, fk_diary_id) values (746, '28/05/2021', 'Duis ac nibh.', 1, 43);
insert into entry (id, date, note, progress, fk_diary_id) values (747, '08/07/2020', 'Curabitur at ipsum ac tellus semper interdum.', 1, 119);
insert into entry (id, date, note, progress, fk_diary_id) values (748, '04/12/2020', 'In congue.', 10, 301);
insert into entry (id, date, note, progress, fk_diary_id) values (749, '20/04/2021', 'Morbi odio odio, elementum eu, interdum eu, tincidunt in, leo.', 7, 79);
insert into entry (id, date, note, progress, fk_diary_id) values (750, '01/02/2021', 'Duis bibendum.', 7, 277);
insert into entry (id, date, note, progress, fk_diary_id) values (751, '27/02/2021', 'Etiam faucibus cursus urna.', 9, 190);
insert into entry (id, date, note, progress, fk_diary_id) values (752, '26/02/2021', 'Praesent lectus.', 1, 103);
insert into entry (id, date, note, progress, fk_diary_id) values (753, '01/12/2020', 'Sed sagittis.', 3, 170);
insert into entry (id, date, note, progress, fk_diary_id) values (754, '04/01/2021', 'In hac habitasse platea dictumst.', 8, 243);
insert into entry (id, date, note, progress, fk_diary_id) values (755, '07/07/2020', 'Proin at turpis a pede posuere nonummy.', 9, 311);
insert into entry (id, date, note, progress, fk_diary_id) values (756, '25/02/2021', 'Pellentesque viverra pede ac diam.', 8, 428);
insert into entry (id, date, note, progress, fk_diary_id) values (757, '15/08/2020', 'Mauris sit amet eros.', 3, 322);
insert into entry (id, date, note, progress, fk_diary_id) values (758, '08/05/2021', 'Sed vel enim sit amet nunc viverra dapibus.', 6, 161);
insert into entry (id, date, note, progress, fk_diary_id) values (759, '21/10/2020', 'Nulla tempus.', 10, 242);
insert into entry (id, date, note, progress, fk_diary_id) values (760, '29/09/2020', 'Nullam orci pede, venenatis non, sodales sed, tincidunt eu, felis.', 6, 208);
insert into entry (id, date, note, progress, fk_diary_id) values (761, '13/07/2020', 'In eleifend quam a odio.', 3, 288);
insert into entry (id, date, note, progress, fk_diary_id) values (762, '17/01/2021', 'Cras mi pede, malesuada in, imperdiet et, commodo vulputate, justo.', 7, 277);
insert into entry (id, date, note, progress, fk_diary_id) values (763, '24/11/2020', 'In sagittis dui vel nisl.', 2, 362);
insert into entry (id, date, note, progress, fk_diary_id) values (764, '19/07/2020', 'Fusce consequat.', 10, 446);
insert into entry (id, date, note, progress, fk_diary_id) values (765, '07/10/2020', 'Fusce lacus purus, aliquet at, feugiat non, pretium quis, lectus.', 2, 480);
insert into entry (id, date, note, progress, fk_diary_id) values (766, '17/08/2020', 'Nulla mollis molestie lorem.', 8, 108);
insert into entry (id, date, note, progress, fk_diary_id) values (767, '06/09/2020', 'Integer ac leo.', 5, 360);
insert into entry (id, date, note, progress, fk_diary_id) values (768, '21/06/2020', 'In hac habitasse platea dictumst.', 8, 498);
insert into entry (id, date, note, progress, fk_diary_id) values (769, '10/09/2020', 'Aliquam non mauris.', 2, 224);
insert into entry (id, date, note, progress, fk_diary_id) values (770, '17/10/2020', 'Proin risus.', 6, 76);
insert into entry (id, date, note, progress, fk_diary_id) values (771, '22/06/2020', 'Nunc nisl.', 6, 193);
insert into entry (id, date, note, progress, fk_diary_id) values (772, '17/09/2020', 'Donec diam neque, vestibulum eget, vulputate ut, ultrices vel, augue.', 5, 145);
insert into entry (id, date, note, progress, fk_diary_id) values (773, '20/11/2020', 'Duis ac nibh.', 3, 325);
insert into entry (id, date, note, progress, fk_diary_id) values (774, '18/03/2021', 'Praesent id massa id nisl venenatis lacinia.', 10, 133);
insert into entry (id, date, note, progress, fk_diary_id) values (775, '03/05/2021', 'Suspendisse potenti.', 1, 444);
insert into entry (id, date, note, progress, fk_diary_id) values (776, '17/02/2021', 'Maecenas tincidunt lacus at velit.', 1, 216);
insert into entry (id, date, note, progress, fk_diary_id) values (777, '09/05/2021', 'Donec diam neque, vestibulum eget, vulputate ut, ultrices vel, augue.', 5, 309);
insert into entry (id, date, note, progress, fk_diary_id) values (778, '31/08/2020', 'Phasellus sit amet erat.', 7, 393);
insert into entry (id, date, note, progress, fk_diary_id) values (779, '16/01/2021', 'Mauris ullamcorper purus sit amet nulla.', 10, 33);
insert into entry (id, date, note, progress, fk_diary_id) values (780, '12/01/2021', 'Maecenas tristique, est et tempus semper, est quam pharetra magna, ac consequat metus sapien ut nunc.', 9, 459);
insert into entry (id, date, note, progress, fk_diary_id) values (781, '09/07/2020', 'Praesent blandit lacinia erat.', 10, 158);
insert into entry (id, date, note, progress, fk_diary_id) values (782, '10/12/2020', 'Donec vitae nisi.', 9, 469);
insert into entry (id, date, note, progress, fk_diary_id) values (783, '19/07/2020', 'Donec ut mauris eget massa tempor convallis.', 7, 301);
insert into entry (id, date, note, progress, fk_diary_id) values (784, '10/04/2021', 'Integer ac leo.', 4, 198);
insert into entry (id, date, note, progress, fk_diary_id) values (785, '02/08/2020', 'Aenean lectus.', 2, 229);
insert into entry (id, date, note, progress, fk_diary_id) values (786, '31/03/2021', 'Morbi porttitor lorem id ligula.', 8, 434);
insert into entry (id, date, note, progress, fk_diary_id) values (787, '20/05/2021', 'Morbi quis tortor id nulla ultrices aliquet.', 3, 422);
insert into entry (id, date, note, progress, fk_diary_id) values (788, '11/01/2021', 'Praesent id massa id nisl venenatis lacinia.', 5, 373);
insert into entry (id, date, note, progress, fk_diary_id) values (789, '31/08/2020', 'In hac habitasse platea dictumst.', 8, 359);
insert into entry (id, date, note, progress, fk_diary_id) values (790, '20/12/2020', 'Fusce congue, diam id ornare imperdiet, sapien urna pretium nisl, ut volutpat sapien arcu sed augue.', 2, 18);
insert into entry (id, date, note, progress, fk_diary_id) values (791, '23/10/2020', 'Aliquam augue quam, sollicitudin vitae, consectetuer eget, rutrum at, lorem.', 1, 375);
insert into entry (id, date, note, progress, fk_diary_id) values (792, '25/04/2021', 'Nulla facilisi.', 9, 93);
insert into entry (id, date, note, progress, fk_diary_id) values (793, '03/01/2021', 'Vivamus metus arcu, adipiscing molestie, hendrerit at, vulputate vitae, nisl.', 9, 53);
insert into entry (id, date, note, progress, fk_diary_id) values (794, '01/04/2021', 'Sed accumsan felis.', 8, 478);
insert into entry (id, date, note, progress, fk_diary_id) values (795, '26/05/2021', 'In est risus, auctor sed, tristique in, tempus sit amet, sem.', 1, 463);
insert into entry (id, date, note, progress, fk_diary_id) values (796, '31/10/2020', 'In blandit ultrices enim.', 3, 289);
insert into entry (id, date, note, progress, fk_diary_id) values (797, '09/03/2021', 'Suspendisse potenti.', 9, 138);
insert into entry (id, date, note, progress, fk_diary_id) values (798, '06/10/2020', 'In eleifend quam a odio.', 3, 3);
insert into entry (id, date, note, progress, fk_diary_id) values (799, '19/08/2020', 'Etiam faucibus cursus urna.', 5, 292);
insert into entry (id, date, note, progress, fk_diary_id) values (800, '28/06/2020', 'Nulla facilisi.', 5, 239);
insert into entry (id, date, note, progress, fk_diary_id) values (801, '29/05/2021', 'Donec dapibus.', 6, 470);
insert into entry (id, date, note, progress, fk_diary_id) values (802, '07/05/2021', 'Sed sagittis.', 3, 490);
insert into entry (id, date, note, progress, fk_diary_id) values (803, '22/12/2020', 'In tempor, turpis nec euismod scelerisque, quam turpis adipiscing lorem, vitae mattis nibh ligula nec sem.', 4, 342);
insert into entry (id, date, note, progress, fk_diary_id) values (804, '18/04/2021', 'Cum sociis natoque penatibus et magnis dis parturient montes, nascetur ridiculus mus.', 2, 256);
insert into entry (id, date, note, progress, fk_diary_id) values (805, '12/01/2021', 'Quisque ut erat.', 5, 24);
insert into entry (id, date, note, progress, fk_diary_id) values (806, '30/08/2020', 'Donec ut dolor.', 3, 48);
insert into entry (id, date, note, progress, fk_diary_id) values (807, '04/04/2021', 'Nullam molestie nibh in lectus.', 8, 299);
insert into entry (id, date, note, progress, fk_diary_id) values (808, '13/12/2020', 'Phasellus sit amet erat.', 6, 391);
insert into entry (id, date, note, progress, fk_diary_id) values (809, '14/08/2020', 'In hac habitasse platea dictumst.', 5, 462);
insert into entry (id, date, note, progress, fk_diary_id) values (810, '09/08/2020', 'Pellentesque at nulla.', 3, 119);
insert into entry (id, date, note, progress, fk_diary_id) values (811, '10/12/2020', 'Phasellus sit amet erat.', 1, 489);
insert into entry (id, date, note, progress, fk_diary_id) values (812, '24/09/2020', 'Proin interdum mauris non ligula pellentesque ultrices.', 7, 220);
insert into entry (id, date, note, progress, fk_diary_id) values (813, '19/12/2020', 'Integer ac neque.', 7, 230);
insert into entry (id, date, note, progress, fk_diary_id) values (814, '10/04/2021', 'Etiam pretium iaculis justo.', 7, 235);
insert into entry (id, date, note, progress, fk_diary_id) values (815, '27/11/2020', 'Aliquam erat volutpat.', 8, 213);
insert into entry (id, date, note, progress, fk_diary_id) values (816, '15/11/2020', 'Vivamus vestibulum sagittis sapien.', 8, 52);
insert into entry (id, date, note, progress, fk_diary_id) values (817, '01/11/2020', 'Donec ut dolor.', 6, 401);
insert into entry (id, date, note, progress, fk_diary_id) values (818, '05/09/2020', 'Integer ac neque.', 7, 62);
insert into entry (id, date, note, progress, fk_diary_id) values (819, '17/08/2020', 'Nulla facilisi.', 5, 460);
insert into entry (id, date, note, progress, fk_diary_id) values (820, '20/07/2020', 'Morbi ut odio.', 4, 440);
insert into entry (id, date, note, progress, fk_diary_id) values (821, '22/06/2020', 'Aenean auctor gravida sem.', 8, 50);
insert into entry (id, date, note, progress, fk_diary_id) values (822, '07/01/2021', 'Integer non velit.', 9, 16);
insert into entry (id, date, note, progress, fk_diary_id) values (823, '31/05/2020', 'Phasellus in felis.', 9, 230);
insert into entry (id, date, note, progress, fk_diary_id) values (824, '02/02/2021', 'Vestibulum ante ipsum primis in faucibus orci luctus et ultrices posuere cubilia Curae; Donec pharetra, magna vestibulum aliquet ultrices, erat tortor sollicitudin mi, sit amet lobortis sapien sapien non mi.', 1, 6);
insert into entry (id, date, note, progress, fk_diary_id) values (825, '19/09/2020', 'Aliquam sit amet diam in magna bibendum imperdiet.', 10, 373);
insert into entry (id, date, note, progress, fk_diary_id) values (826, '14/03/2021', 'Donec ut mauris eget massa tempor convallis.', 3, 488);
insert into entry (id, date, note, progress, fk_diary_id) values (827, '29/11/2020', 'Aliquam augue quam, sollicitudin vitae, consectetuer eget, rutrum at, lorem.', 7, 219);
insert into entry (id, date, note, progress, fk_diary_id) values (828, '11/05/2021', 'Duis ac nibh.', 7, 95);
insert into entry (id, date, note, progress, fk_diary_id) values (829, '01/08/2020', 'In tempor, turpis nec euismod scelerisque, quam turpis adipiscing lorem, vitae mattis nibh ligula nec sem.', 6, 398);
insert into entry (id, date, note, progress, fk_diary_id) values (830, '02/04/2021', 'Nulla mollis molestie lorem.', 4, 167);
insert into entry (id, date, note, progress, fk_diary_id) values (831, '13/11/2020', 'Donec ut mauris eget massa tempor convallis.', 6, 290);
insert into entry (id, date, note, progress, fk_diary_id) values (832, '25/08/2020', 'Aliquam erat volutpat.', 5, 293);
insert into entry (id, date, note, progress, fk_diary_id) values (833, '04/09/2020', 'Donec quis orci eget orci vehicula condimentum.', 3, 324);
insert into entry (id, date, note, progress, fk_diary_id) values (834, '20/10/2020', 'Sed accumsan felis.', 6, 304);
insert into entry (id, date, note, progress, fk_diary_id) values (835, '06/02/2021', 'Proin leo odio, porttitor id, consequat in, consequat ut, nulla.', 2, 379);
insert into entry (id, date, note, progress, fk_diary_id) values (836, '02/01/2021', 'Vivamus vel nulla eget eros elementum pellentesque.', 8, 214);
insert into entry (id, date, note, progress, fk_diary_id) values (837, '09/11/2020', 'Nullam sit amet turpis elementum ligula vehicula consequat.', 5, 24);
insert into entry (id, date, note, progress, fk_diary_id) values (838, '25/10/2020', 'Vivamus vestibulum sagittis sapien.', 4, 218);
insert into entry (id, date, note, progress, fk_diary_id) values (839, '04/01/2021', 'Lorem ipsum dolor sit amet, consectetuer adipiscing elit.', 10, 332);
insert into entry (id, date, note, progress, fk_diary_id) values (840, '03/04/2021', 'Pellentesque ultrices mattis odio.', 9, 68);
insert into entry (id, date, note, progress, fk_diary_id) values (841, '07/08/2020', 'In eleifend quam a odio.', 9, 455);
insert into entry (id, date, note, progress, fk_diary_id) values (842, '04/05/2021', 'Nullam varius.', 7, 193);
insert into entry (id, date, note, progress, fk_diary_id) values (843, '07/01/2021', 'Nulla neque libero, convallis eget, eleifend luctus, ultricies eu, nibh.', 8, 383);
insert into entry (id, date, note, progress, fk_diary_id) values (844, '30/03/2021', 'Ut at dolor quis odio consequat varius.', 3, 385);
insert into entry (id, date, note, progress, fk_diary_id) values (845, '08/08/2020', 'Maecenas pulvinar lobortis est.', 5, 90);
insert into entry (id, date, note, progress, fk_diary_id) values (846, '18/07/2020', 'Integer non velit.', 8, 276);
insert into entry (id, date, note, progress, fk_diary_id) values (847, '14/05/2021', 'Nullam varius.', 2, 29);
insert into entry (id, date, note, progress, fk_diary_id) values (848, '10/05/2021', 'In hac habitasse platea dictumst.', 4, 167);
insert into entry (id, date, note, progress, fk_diary_id) values (849, '03/02/2021', 'Aliquam augue quam, sollicitudin vitae, consectetuer eget, rutrum at, lorem.', 7, 77);
insert into entry (id, date, note, progress, fk_diary_id) values (850, '20/06/2020', 'Quisque arcu libero, rutrum ac, lobortis vel, dapibus at, diam.', 6, 18);
insert into entry (id, date, note, progress, fk_diary_id) values (851, '29/10/2020', 'Donec diam neque, vestibulum eget, vulputate ut, ultrices vel, augue.', 9, 318);
insert into entry (id, date, note, progress, fk_diary_id) values (852, '04/01/2021', 'Duis bibendum, felis sed interdum venenatis, turpis enim blandit mi, in porttitor pede justo eu massa.', 1, 481);
insert into entry (id, date, note, progress, fk_diary_id) values (853, '13/05/2021', 'Fusce posuere felis sed lacus.', 1, 16);
insert into entry (id, date, note, progress, fk_diary_id) values (854, '28/11/2020', 'Donec ut dolor.', 7, 28);
insert into entry (id, date, note, progress, fk_diary_id) values (855, '24/01/2021', 'Sed ante.', 1, 209);
insert into entry (id, date, note, progress, fk_diary_id) values (856, '12/12/2020', 'Suspendisse potenti.', 5, 437);
insert into entry (id, date, note, progress, fk_diary_id) values (857, '26/12/2020', 'Mauris lacinia sapien quis libero.', 8, 420);
insert into entry (id, date, note, progress, fk_diary_id) values (858, '18/01/2021', 'Vestibulum ante ipsum primis in faucibus orci luctus et ultrices posuere cubilia Curae; Duis faucibus accumsan odio.', 8, 398);
insert into entry (id, date, note, progress, fk_diary_id) values (859, '12/09/2020', 'Curabitur in libero ut massa volutpat convallis.', 9, 85);
insert into entry (id, date, note, progress, fk_diary_id) values (860, '02/10/2020', 'In congue.', 4, 240);
insert into entry (id, date, note, progress, fk_diary_id) values (861, '26/12/2020', 'Integer tincidunt ante vel ipsum.', 2, 398);
insert into entry (id, date, note, progress, fk_diary_id) values (862, '15/01/2021', 'Mauris lacinia sapien quis libero.', 1, 135);
insert into entry (id, date, note, progress, fk_diary_id) values (863, '13/06/2020', 'Duis bibendum.', 2, 176);
insert into entry (id, date, note, progress, fk_diary_id) values (864, '06/09/2020', 'Donec dapibus.', 1, 414);
insert into entry (id, date, note, progress, fk_diary_id) values (865, '16/09/2020', 'Donec ut mauris eget massa tempor convallis.', 7, 151);
insert into entry (id, date, note, progress, fk_diary_id) values (866, '23/05/2021', 'Maecenas leo odio, condimentum id, luctus nec, molestie sed, justo.', 5, 100);
insert into entry (id, date, note, progress, fk_diary_id) values (867, '07/06/2020', 'Mauris lacinia sapien quis libero.', 2, 11);
insert into entry (id, date, note, progress, fk_diary_id) values (868, '18/04/2021', 'Aliquam sit amet diam in magna bibendum imperdiet.', 7, 151);
insert into entry (id, date, note, progress, fk_diary_id) values (869, '24/09/2020', 'Integer tincidunt ante vel ipsum.', 10, 181);
insert into entry (id, date, note, progress, fk_diary_id) values (870, '19/07/2020', 'Cras in purus eu magna vulputate luctus.', 6, 242);
insert into entry (id, date, note, progress, fk_diary_id) values (871, '09/03/2021', 'In eleifend quam a odio.', 7, 101);
insert into entry (id, date, note, progress, fk_diary_id) values (872, '21/11/2020', 'Pellentesque ultrices mattis odio.', 10, 360);
insert into entry (id, date, note, progress, fk_diary_id) values (873, '22/10/2020', 'Nullam orci pede, venenatis non, sodales sed, tincidunt eu, felis.', 3, 240);
insert into entry (id, date, note, progress, fk_diary_id) values (874, '12/09/2020', 'Fusce posuere felis sed lacus.', 9, 359);
insert into entry (id, date, note, progress, fk_diary_id) values (875, '03/02/2021', 'Vestibulum ante ipsum primis in faucibus orci luctus et ultrices posuere cubilia Curae; Nulla dapibus dolor vel est.', 3, 106);
insert into entry (id, date, note, progress, fk_diary_id) values (876, '18/04/2021', 'Etiam pretium iaculis justo.', 1, 124);
insert into entry (id, date, note, progress, fk_diary_id) values (877, '07/01/2021', 'Nulla suscipit ligula in lacus.', 3, 324);
insert into entry (id, date, note, progress, fk_diary_id) values (878, '12/10/2020', 'Mauris lacinia sapien quis libero.', 3, 51);
insert into entry (id, date, note, progress, fk_diary_id) values (879, '12/01/2021', 'In hac habitasse platea dictumst.', 2, 110);
insert into entry (id, date, note, progress, fk_diary_id) values (880, '05/11/2020', 'Maecenas pulvinar lobortis est.', 3, 206);
insert into entry (id, date, note, progress, fk_diary_id) values (881, '02/04/2021', 'Donec odio justo, sollicitudin ut, suscipit a, feugiat et, eros.', 8, 347);
insert into entry (id, date, note, progress, fk_diary_id) values (882, '08/11/2020', 'Vestibulum ante ipsum primis in faucibus orci luctus et ultrices posuere cubilia Curae; Mauris viverra diam vitae quam.', 6, 140);
insert into entry (id, date, note, progress, fk_diary_id) values (883, '20/09/2020', 'Integer ac neque.', 5, 268);
insert into entry (id, date, note, progress, fk_diary_id) values (884, '20/04/2021', 'Etiam faucibus cursus urna.', 5, 72);
insert into entry (id, date, note, progress, fk_diary_id) values (885, '28/10/2020', 'Integer a nibh.', 9, 482);
insert into entry (id, date, note, progress, fk_diary_id) values (886, '06/04/2021', 'Donec posuere metus vitae ipsum.', 5, 269);
insert into entry (id, date, note, progress, fk_diary_id) values (887, '26/12/2020', 'Sed accumsan felis.', 7, 37);
insert into entry (id, date, note, progress, fk_diary_id) values (888, '04/02/2021', 'Morbi non lectus.', 3, 341);
insert into entry (id, date, note, progress, fk_diary_id) values (889, '16/11/2020', 'Integer pede justo, lacinia eget, tincidunt eget, tempus vel, pede.', 1, 136);
insert into entry (id, date, note, progress, fk_diary_id) values (890, '28/04/2021', 'Sed accumsan felis.', 5, 74);
insert into entry (id, date, note, progress, fk_diary_id) values (891, '18/05/2021', 'Integer non velit.', 6, 496);
insert into entry (id, date, note, progress, fk_diary_id) values (892, '07/01/2021', 'Nulla ut erat id mauris vulputate elementum.', 6, 273);
insert into entry (id, date, note, progress, fk_diary_id) values (893, '05/02/2021', 'Nulla mollis molestie lorem.', 2, 33);
insert into entry (id, date, note, progress, fk_diary_id) values (894, '14/01/2021', 'Vestibulum rutrum rutrum neque.', 10, 129);
insert into entry (id, date, note, progress, fk_diary_id) values (895, '26/08/2020', 'In sagittis dui vel nisl.', 6, 189);
insert into entry (id, date, note, progress, fk_diary_id) values (896, '31/05/2020', 'In sagittis dui vel nisl.', 5, 156);
insert into entry (id, date, note, progress, fk_diary_id) values (897, '29/10/2020', 'Praesent lectus.', 1, 193);
insert into entry (id, date, note, progress, fk_diary_id) values (898, '15/01/2021', 'Integer ac leo.', 3, 420);
insert into entry (id, date, note, progress, fk_diary_id) values (899, '02/07/2020', 'Praesent id massa id nisl venenatis lacinia.', 6, 219);
insert into entry (id, date, note, progress, fk_diary_id) values (900, '04/10/2020', 'Aenean lectus.', 1, 281);
insert into entry (id, date, note, progress, fk_diary_id) values (901, '24/07/2020', 'Nulla ac enim.', 1, 442);
insert into entry (id, date, note, progress, fk_diary_id) values (902, '18/03/2021', 'Pellentesque viverra pede ac diam.', 6, 65);
insert into entry (id, date, note, progress, fk_diary_id) values (903, '06/07/2020', 'Quisque ut erat.', 7, 89);
insert into entry (id, date, note, progress, fk_diary_id) values (904, '14/12/2020', 'Praesent id massa id nisl venenatis lacinia.', 1, 399);
insert into entry (id, date, note, progress, fk_diary_id) values (905, '09/03/2021', 'Quisque erat eros, viverra eget, congue eget, semper rutrum, nulla.', 1, 171);
insert into entry (id, date, note, progress, fk_diary_id) values (906, '18/11/2020', 'In blandit ultrices enim.', 6, 239);
insert into entry (id, date, note, progress, fk_diary_id) values (907, '10/04/2021', 'Nullam molestie nibh in lectus.', 5, 119);
insert into entry (id, date, note, progress, fk_diary_id) values (908, '26/08/2020', 'Cras pellentesque volutpat dui.', 8, 77);
insert into entry (id, date, note, progress, fk_diary_id) values (909, '03/09/2020', 'Donec ut mauris eget massa tempor convallis.', 6, 257);
insert into entry (id, date, note, progress, fk_diary_id) values (910, '20/09/2020', 'Nulla ac enim.', 5, 395);
insert into entry (id, date, note, progress, fk_diary_id) values (911, '06/02/2021', 'Vestibulum sed magna at nunc commodo placerat.', 7, 25);
insert into entry (id, date, note, progress, fk_diary_id) values (912, '05/03/2021', 'Aliquam augue quam, sollicitudin vitae, consectetuer eget, rutrum at, lorem.', 4, 375);
insert into entry (id, date, note, progress, fk_diary_id) values (913, '30/08/2020', 'Mauris enim leo, rhoncus sed, vestibulum sit amet, cursus id, turpis.', 2, 115);
insert into entry (id, date, note, progress, fk_diary_id) values (914, '02/08/2020', 'Nullam molestie nibh in lectus.', 8, 115);
insert into entry (id, date, note, progress, fk_diary_id) values (915, '04/03/2021', 'Integer ac leo.', 3, 189);
insert into entry (id, date, note, progress, fk_diary_id) values (916, '06/07/2020', 'Cras in purus eu magna vulputate luctus.', 5, 156);
insert into entry (id, date, note, progress, fk_diary_id) values (917, '23/06/2020', 'Aenean lectus.', 6, 12);
insert into entry (id, date, note, progress, fk_diary_id) values (918, '27/06/2020', 'Vestibulum quam sapien, varius ut, blandit non, interdum in, ante.', 6, 36);
insert into entry (id, date, note, progress, fk_diary_id) values (919, '12/04/2021', 'Pellentesque viverra pede ac diam.', 2, 479);
insert into entry (id, date, note, progress, fk_diary_id) values (920, '02/09/2020', 'Nullam sit amet turpis elementum ligula vehicula consequat.', 10, 488);
insert into entry (id, date, note, progress, fk_diary_id) values (921, '05/02/2021', 'Morbi porttitor lorem id ligula.', 10, 339);
insert into entry (id, date, note, progress, fk_diary_id) values (922, '06/06/2020', 'Donec vitae nisi.', 5, 264);
insert into entry (id, date, note, progress, fk_diary_id) values (923, '06/11/2020', 'Vestibulum ac est lacinia nisi venenatis tristique.', 4, 471);
insert into entry (id, date, note, progress, fk_diary_id) values (924, '19/04/2021', 'Aenean fermentum.', 4, 12);
insert into entry (id, date, note, progress, fk_diary_id) values (925, '24/10/2020', 'Praesent lectus.', 9, 132);
insert into entry (id, date, note, progress, fk_diary_id) values (926, '20/09/2020', 'Nam congue, risus semper porta volutpat, quam pede lobortis ligula, sit amet eleifend pede libero quis orci.', 10, 486);
insert into entry (id, date, note, progress, fk_diary_id) values (927, '06/10/2020', 'Integer a nibh.', 10, 182);
insert into entry (id, date, note, progress, fk_diary_id) values (928, '20/02/2021', 'Cras pellentesque volutpat dui.', 1, 458);
insert into entry (id, date, note, progress, fk_diary_id) values (929, '01/01/2021', 'Etiam vel augue.', 6, 194);
insert into entry (id, date, note, progress, fk_diary_id) values (930, '19/03/2021', 'Morbi odio odio, elementum eu, interdum eu, tincidunt in, leo.', 4, 455);
insert into entry (id, date, note, progress, fk_diary_id) values (931, '26/03/2021', 'Nam tristique tortor eu pede.', 3, 34);
insert into entry (id, date, note, progress, fk_diary_id) values (932, '23/12/2020', 'Nullam orci pede, venenatis non, sodales sed, tincidunt eu, felis.', 6, 491);
insert into entry (id, date, note, progress, fk_diary_id) values (933, '21/04/2021', 'Nam dui.', 10, 255);
insert into entry (id, date, note, progress, fk_diary_id) values (934, '11/05/2021', 'Pellentesque viverra pede ac diam.', 8, 273);
insert into entry (id, date, note, progress, fk_diary_id) values (935, '15/10/2020', 'Curabitur at ipsum ac tellus semper interdum.', 3, 96);
insert into entry (id, date, note, progress, fk_diary_id) values (936, '28/06/2020', 'Nulla ut erat id mauris vulputate elementum.', 6, 289);
insert into entry (id, date, note, progress, fk_diary_id) values (937, '01/04/2021', 'Nam congue, risus semper porta volutpat, quam pede lobortis ligula, sit amet eleifend pede libero quis orci.', 2, 90);
insert into entry (id, date, note, progress, fk_diary_id) values (938, '12/07/2020', 'Vivamus vestibulum sagittis sapien.', 4, 77);
insert into entry (id, date, note, progress, fk_diary_id) values (939, '24/10/2020', 'Praesent id massa id nisl venenatis lacinia.', 7, 63);
insert into entry (id, date, note, progress, fk_diary_id) values (940, '22/04/2021', 'Vivamus tortor.', 10, 204);
insert into entry (id, date, note, progress, fk_diary_id) values (941, '16/10/2020', 'Nulla tellus.', 10, 473);
insert into entry (id, date, note, progress, fk_diary_id) values (942, '02/09/2020', 'Vestibulum ante ipsum primis in faucibus orci luctus et ultrices posuere cubilia Curae; Duis faucibus accumsan odio.', 2, 215);
insert into entry (id, date, note, progress, fk_diary_id) values (943, '24/08/2020', 'Duis consequat dui nec nisi volutpat eleifend.', 4, 471);
insert into entry (id, date, note, progress, fk_diary_id) values (944, '20/08/2020', 'Praesent id massa id nisl venenatis lacinia.', 9, 78);
insert into entry (id, date, note, progress, fk_diary_id) values (945, '07/07/2020', 'Aliquam augue quam, sollicitudin vitae, consectetuer eget, rutrum at, lorem.', 1, 9);
insert into entry (id, date, note, progress, fk_diary_id) values (946, '22/04/2021', 'Nullam molestie nibh in lectus.', 7, 20);
insert into entry (id, date, note, progress, fk_diary_id) values (947, '23/12/2020', 'Sed vel enim sit amet nunc viverra dapibus.', 2, 228);
insert into entry (id, date, note, progress, fk_diary_id) values (948, '02/06/2020', 'Duis aliquam convallis nunc.', 7, 382);
insert into entry (id, date, note, progress, fk_diary_id) values (949, '12/11/2020', 'Integer ac neque.', 3, 460);
insert into entry (id, date, note, progress, fk_diary_id) values (950, '17/09/2020', 'Aenean auctor gravida sem.', 8, 415);
insert into entry (id, date, note, progress, fk_diary_id) values (951, '10/03/2021', 'Nam nulla.', 6, 406);
insert into entry (id, date, note, progress, fk_diary_id) values (952, '14/05/2021', 'Cras pellentesque volutpat dui.', 5, 32);
insert into entry (id, date, note, progress, fk_diary_id) values (953, '27/06/2020', 'Cras in purus eu magna vulputate luctus.', 9, 327);
insert into entry (id, date, note, progress, fk_diary_id) values (954, '29/06/2020', 'Cum sociis natoque penatibus et magnis dis parturient montes, nascetur ridiculus mus.', 4, 332);
insert into entry (id, date, note, progress, fk_diary_id) values (955, '10/12/2020', 'Integer a nibh.', 6, 262);
insert into entry (id, date, note, progress, fk_diary_id) values (956, '19/09/2020', 'Praesent id massa id nisl venenatis lacinia.', 10, 53);
insert into entry (id, date, note, progress, fk_diary_id) values (957, '13/06/2020', 'Sed accumsan felis.', 1, 337);
insert into entry (id, date, note, progress, fk_diary_id) values (958, '24/05/2021', 'Aliquam non mauris.', 8, 99);
insert into entry (id, date, note, progress, fk_diary_id) values (959, '03/07/2020', 'Curabitur convallis.', 4, 118);
insert into entry (id, date, note, progress, fk_diary_id) values (960, '11/03/2021', 'Quisque id justo sit amet sapien dignissim vestibulum.', 10, 336);
insert into entry (id, date, note, progress, fk_diary_id) values (961, '25/04/2021', 'Etiam pretium iaculis justo.', 8, 183);
insert into entry (id, date, note, progress, fk_diary_id) values (962, '24/07/2020', 'Aenean auctor gravida sem.', 7, 381);
insert into entry (id, date, note, progress, fk_diary_id) values (963, '04/12/2020', 'In hac habitasse platea dictumst.', 2, 397);
insert into entry (id, date, note, progress, fk_diary_id) values (964, '09/11/2020', 'Nam ultrices, libero non mattis pulvinar, nulla pede ullamcorper augue, a suscipit nulla elit ac nulla.', 8, 27);
insert into entry (id, date, note, progress, fk_diary_id) values (965, '16/07/2020', 'Suspendisse accumsan tortor quis turpis.', 10, 288);
insert into entry (id, date, note, progress, fk_diary_id) values (966, '08/09/2020', 'Cum sociis natoque penatibus et magnis dis parturient montes, nascetur ridiculus mus.', 1, 200);
insert into entry (id, date, note, progress, fk_diary_id) values (967, '22/07/2020', 'Praesent blandit.', 8, 223);
insert into entry (id, date, note, progress, fk_diary_id) values (968, '13/02/2021', 'Pellentesque viverra pede ac diam.', 8, 465);
insert into entry (id, date, note, progress, fk_diary_id) values (969, '28/05/2021', 'Suspendisse potenti.', 7, 278);
insert into entry (id, date, note, progress, fk_diary_id) values (970, '05/06/2020', 'Quisque porta volutpat erat.', 8, 331);
insert into entry (id, date, note, progress, fk_diary_id) values (971, '16/03/2021', 'Quisque erat eros, viverra eget, congue eget, semper rutrum, nulla.', 3, 479);
insert into entry (id, date, note, progress, fk_diary_id) values (972, '08/07/2020', 'In hac habitasse platea dictumst.', 2, 394);
insert into entry (id, date, note, progress, fk_diary_id) values (973, '03/03/2021', 'Nunc nisl.', 3, 499);
insert into entry (id, date, note, progress, fk_diary_id) values (974, '09/09/2020', 'Nulla tellus.', 6, 445);
insert into entry (id, date, note, progress, fk_diary_id) values (975, '16/01/2021', 'Nullam orci pede, venenatis non, sodales sed, tincidunt eu, felis.', 4, 191);
insert into entry (id, date, note, progress, fk_diary_id) values (976, '11/09/2020', 'Duis aliquam convallis nunc.', 3, 93);
insert into entry (id, date, note, progress, fk_diary_id) values (977, '11/04/2021', 'Donec semper sapien a libero.', 1, 43);
insert into entry (id, date, note, progress, fk_diary_id) values (978, '31/05/2020', 'Etiam pretium iaculis justo.', 10, 226);
insert into entry (id, date, note, progress, fk_diary_id) values (979, '01/10/2020', 'Cras mi pede, malesuada in, imperdiet et, commodo vulputate, justo.', 9, 338);
insert into entry (id, date, note, progress, fk_diary_id) values (980, '05/09/2020', 'Suspendisse accumsan tortor quis turpis.', 10, 326);
insert into entry (id, date, note, progress, fk_diary_id) values (981, '23/10/2020', 'Vestibulum quam sapien, varius ut, blandit non, interdum in, ante.', 9, 228);
insert into entry (id, date, note, progress, fk_diary_id) values (982, '13/01/2021', 'Nunc purus.', 9, 38);
insert into entry (id, date, note, progress, fk_diary_id) values (983, '03/10/2020', 'Mauris lacinia sapien quis libero.', 1, 19);
insert into entry (id, date, note, progress, fk_diary_id) values (984, '25/04/2021', 'Integer ac leo.', 8, 407);
insert into entry (id, date, note, progress, fk_diary_id) values (985, '24/12/2020', 'Vestibulum sed magna at nunc commodo placerat.', 9, 180);
insert into entry (id, date, note, progress, fk_diary_id) values (986, '25/12/2020', 'Donec quis orci eget orci vehicula condimentum.', 2, 252);
insert into entry (id, date, note, progress, fk_diary_id) values (987, '30/07/2020', 'Curabitur gravida nisi at nibh.', 6, 178);
insert into entry (id, date, note, progress, fk_diary_id) values (988, '12/08/2020', 'Nam nulla.', 10, 249);
insert into entry (id, date, note, progress, fk_diary_id) values (989, '07/05/2021', 'Nulla mollis molestie lorem.', 7, 182);
insert into entry (id, date, note, progress, fk_diary_id) values (990, '11/06/2020', 'Nunc purus.', 6, 319);
insert into entry (id, date, note, progress, fk_diary_id) values (991, '01/09/2020', 'Etiam vel augue.', 4, 154);
insert into entry (id, date, note, progress, fk_diary_id) values (992, '12/09/2020', 'In hac habitasse platea dictumst.', 7, 463);
insert into entry (id, date, note, progress, fk_diary_id) values (993, '08/04/2021', 'Integer ac neque.', 6, 351);
insert into entry (id, date, note, progress, fk_diary_id) values (994, '12/11/2020', 'Mauris ullamcorper purus sit amet nulla.', 9, 356);
insert into entry (id, date, note, progress, fk_diary_id) values (995, '24/05/2021', 'Maecenas ut massa quis augue luctus tincidunt.', 7, 435);
insert into entry (id, date, note, progress, fk_diary_id) values (996, '08/12/2020', 'Lorem ipsum dolor sit amet, consectetuer adipiscing elit.', 7, 331);
insert into entry (id, date, note, progress, fk_diary_id) values (997, '19/07/2020', 'Praesent id massa id nisl venenatis lacinia.', 2, 57);
insert into entry (id, date, note, progress, fk_diary_id) values (998, '17/07/2020', 'Donec vitae nisi.', 2, 275);
insert into entry (id, date, note, progress, fk_diary_id) values (999, '10/02/2021', 'Duis consequat dui nec nisi volutpat eleifend.', 7, 259);
insert into entry (id, date, note, progress, fk_diary_id) values (1000, '21/03/2021', 'Cras in purus eu magna vulputate luctus.', 4, 72);
insert into workout (id, name, sponsor, fk_customer_id) values (1, 'Leonidas Rockhill', 'Sanitas AG', 31);
insert into workout (id, name, sponsor, fk_customer_id) values (2, 'Myer Durtnell', 'Sanitas AG', 18);
insert into workout (id, name, sponsor, fk_customer_id) values (3, 'Tallou Chaucer', 'Sanitas AG', 91);
insert into workout (id, name, sponsor, fk_customer_id) values (4, 'Willie Duxbarry', 'Sanitas AG', 5);
insert into workout (id, name, sponsor, fk_customer_id) values (5, 'Michael Rolfe', 'Sanitas AG', 16);
insert into workout (id, name, sponsor, fk_customer_id) values (6, 'Evanne Titherington', 'Sanitas AG', 53);
insert into workout (id, name, sponsor, fk_customer_id) values (7, 'Jemima Perham', 'Sanitas AG', 24);
insert into workout (id, name, sponsor, fk_customer_id) values (8, 'Annnora Swadling', 'Sanitas AG', 83);
insert into workout (id, name, sponsor, fk_customer_id) values (9, 'Karel Warlawe', 'Sanitas AG', 22);
insert into workout (id, name, sponsor, fk_customer_id) values (10, 'Cecil Simm', 'Sanitas AG', 95);
insert into workout (id, name, sponsor, fk_customer_id) values (11, 'Brigit Wolton', 'Sanitas AG', 91);
insert into workout (id, name, sponsor, fk_customer_id) values (12, 'Aubry Ferneley', 'Sanitas AG', 22);
insert into workout (id, name, sponsor, fk_customer_id) values (13, 'Elsi Leggott', 'Sanitas AG', 7);
insert into workout (id, name, sponsor, fk_customer_id) values (14, 'Ashbey Rickertsen', 'Sanitas AG', 76);
insert into workout (id, name, sponsor, fk_customer_id) values (15, 'Tiphani Valler', 'Sanitas AG', 98);
insert into workout (id, name, sponsor, fk_customer_id) values (16, 'Francklyn Randell', 'Sanitas AG', 21);
insert into workout (id, name, sponsor, fk_customer_id) values (17, 'Ericha Dobbings', 'Sanitas AG', 71);
insert into workout (id, name, sponsor, fk_customer_id) values (18, 'Hildagard Frangione', 'Sanitas AG', 79);
insert into workout (id, name, sponsor, fk_customer_id) values (19, 'Burlie Docker', 'Sanitas AG', 41);
insert into workout (id, name, sponsor, fk_customer_id) values (20, 'Catina Rosario', 'Sanitas AG', 54);
insert into workout (id, name, sponsor, fk_customer_id) values (21, 'Sile Drinkall', 'Sanitas AG', 7);
insert into workout (id, name, sponsor, fk_customer_id) values (22, 'Brand Stubbin', 'Sanitas AG', 61);
insert into workout (id, name, sponsor, fk_customer_id) values (23, 'Eda McCarly', 'Sanitas AG', 35);
insert into workout (id, name, sponsor, fk_customer_id) values (24, 'Dacy Iwanicki', 'Sanitas AG', 25);
insert into workout (id, name, sponsor, fk_customer_id) values (25, 'Lynnea Fraschini', 'Sanitas AG', 56);
insert into workout (id, name, sponsor, fk_customer_id) values (26, 'Katleen Mundow', 'Sanitas AG', 63);
insert into workout (id, name, sponsor, fk_customer_id) values (27, 'Abigale Lyptratt', 'Sanitas AG', 11);
insert into workout (id, name, sponsor, fk_customer_id) values (28, 'Fergus Peyes', 'Sanitas AG', 85);
insert into workout (id, name, sponsor, fk_customer_id) values (29, 'Peria Hort', 'Sanitas AG', 11);
insert into workout (id, name, sponsor, fk_customer_id) values (30, 'Gaye Purcell', 'Sanitas AG', 25);
insert into workout (id, name, sponsor, fk_customer_id) values (31, 'Marti Churchlow', 'Sanitas AG', 76);
insert into workout (id, name, sponsor, fk_customer_id) values (32, 'Lowell Leake', 'Sanitas AG', 6);
insert into workout (id, name, sponsor, fk_customer_id) values (33, 'Mead Suggitt', 'Sanitas AG', 27);
insert into workout (id, name, sponsor, fk_customer_id) values (34, 'Clem McPhail', 'Sanitas AG', 64);
insert into workout (id, name, sponsor, fk_customer_id) values (35, 'Sammie Hughes', 'Sanitas AG', 92);
insert into workout (id, name, sponsor, fk_customer_id) values (36, 'Jeramie Govier', 'Sanitas AG', 35);
insert into workout (id, name, sponsor, fk_customer_id) values (37, 'Quent Yeudall', 'Sanitas AG', 98);
insert into workout (id, name, sponsor, fk_customer_id) values (38, 'Thoma O''Spillane', 'Sanitas AG', 86);
insert into workout (id, name, sponsor, fk_customer_id) values (39, 'Concettina Epple', 'Sanitas AG', 38);
insert into workout (id, name, sponsor, fk_customer_id) values (40, 'Gilberte Domenicone', 'Sanitas AG', 75);
insert into workout (id, name, sponsor, fk_customer_id) values (41, 'Pete Fairy', 'Sanitas AG', 87);
insert into workout (id, name, sponsor, fk_customer_id) values (42, 'Charline Bemlott', 'Sanitas AG', 91);
insert into workout (id, name, sponsor, fk_customer_id) values (43, 'Raymund Hovell', 'Sanitas AG', 78);
insert into workout (id, name, sponsor, fk_customer_id) values (44, 'Sophronia Le land', 'Sanitas AG', 18);
insert into workout (id, name, sponsor, fk_customer_id) values (45, 'Helena Blowfelde', 'Sanitas AG', 78);
insert into workout (id, name, sponsor, fk_customer_id) values (46, 'Patsy Taks', 'Sanitas AG', 76);
insert into workout (id, name, sponsor, fk_customer_id) values (47, 'Cherilyn Sewart', 'Sanitas AG', 33);
insert into workout (id, name, sponsor, fk_customer_id) values (48, 'Krystyna Gettings', 'Sanitas AG', 63);
insert into workout (id, name, sponsor, fk_customer_id) values (49, 'Arlinda Bim', 'Sanitas AG', 96);
insert into workout (id, name, sponsor, fk_customer_id) values (50, 'Oralee Craiker', 'Sanitas AG', 5);
insert into workout (id, name, sponsor, fk_customer_id) values (51, 'Georgiana Basant', 'Sanitas AG', 84);
insert into workout (id, name, sponsor, fk_customer_id) values (52, 'Illa Leguey', 'Sanitas AG', 66);
insert into workout (id, name, sponsor, fk_customer_id) values (53, 'Terri-jo Crone', 'Sanitas AG', 41);
insert into workout (id, name, sponsor, fk_customer_id) values (54, 'Raynell Colling', 'Sanitas AG', 22);
insert into workout (id, name, sponsor, fk_customer_id) values (55, 'Siward Wandtke', 'Sanitas AG', 50);
insert into workout (id, name, sponsor, fk_customer_id) values (56, 'Ashbey Poad', 'Sanitas AG', 24);
insert into workout (id, name, sponsor, fk_customer_id) values (57, 'Myron Sager', 'Sanitas AG', 92);
insert into workout (id, name, sponsor, fk_customer_id) values (58, 'Quint Renowden', 'Sanitas AG', 68);
insert into workout (id, name, sponsor, fk_customer_id) values (59, 'Roldan McGuffie', 'Sanitas AG', 39);
insert into workout (id, name, sponsor, fk_customer_id) values (60, 'Geoffrey Benezet', 'Sanitas AG', 98);
insert into training (id, category, duration, level, fk_workout_id) values (1, 'pilates', '5:11', 5, 51);
insert into training (id, category, duration, level, fk_workout_id) values (2, 'bodypump', '15:23', 1, 55);
insert into training (id, category, duration, level, fk_workout_id) values (3, 'pilates', '12:09', 3, 41);
insert into training (id, category, duration, level, fk_workout_id) values (4, 'spinning', '14:06', 5, 42);
insert into training (id, category, duration, level, fk_workout_id) values (5, 'spinning', '14:30', 3, 47);
insert into training (id, category, duration, level, fk_workout_id) values (6, 'aerobic', '11:31', 3, 48);
insert into training (id, category, duration, level, fk_workout_id) values (7, 'pilates', '15:20', 6, 57);
insert into training (id, category, duration, level, fk_workout_id) values (8, 'pilates', '3:59', 1, 57);
insert into training (id, category, duration, level, fk_workout_id) values (9, 'pilates', '15:47', 6, 47);
insert into training (id, category, duration, level, fk_workout_id) values (10, 'yoga', '6:59', 3, 51);
insert into training (id, category, duration, level, fk_workout_id) values (11, 'bodypump', '11:14', 3, 58);
insert into training (id, category, duration, level, fk_workout_id) values (12, 'yoga', '12:09', 6, 59);
insert into training (id, category, duration, level, fk_workout_id) values (13, 'yoga', '8:26', 4, 42);
insert into training (id, category, duration, level, fk_workout_id) values (14, 'aerobic', '13:45', 3, 52);
insert into training (id, category, duration, level, fk_workout_id) values (15, 'yoga', '8:18', 5, 55);
insert into training (id, category, duration, level, fk_workout_id) values (16, 'aerobic', '10:50', 6, 45);
insert into training (id, category, duration, level, fk_workout_id) values (17, 'pilates', '5:04', 3, 47);
insert into training (id, category, duration, level, fk_workout_id) values (18, 'aerobic', '15:30', 6, 58);
insert into training (id, category, duration, level, fk_workout_id) values (19, 'aerobic', '9:11', 1, 51);
insert into training (id, category, duration, level, fk_workout_id) values (20, 'pilates', '9:50', 1, 54);
insert into training (id, category, duration, level, fk_workout_id) values (21, 'spinning', '3:17', 3, 51);
insert into training (id, category, duration, level, fk_workout_id) values (22, 'yoga', '9:17', 5, 58);
insert into training (id, category, duration, level, fk_workout_id) values (23, 'pilates', '6:33', 1, 48);
insert into training (id, category, duration, level, fk_workout_id) values (24, 'pilates', '7:59', 2, 41);
insert into training (id, category, duration, level, fk_workout_id) values (25, 'spinning', '9:33', 5, 42);
insert into training (id, category, duration, level, fk_workout_id) values (26, 'spinning', '13:25', 4, 59);
insert into training (id, category, duration, level, fk_workout_id) values (27, 'bodypump', '3:54', 5, 57);
insert into training (id, category, duration, level, fk_workout_id) values (28, 'spinning', '11:19', 1, 46);
insert into training (id, category, duration, level, fk_workout_id) values (29, 'yoga', '8:34', 5, 46);
insert into training (id, category, duration, level, fk_workout_id) values (30, 'yoga', '12:48', 4, 57);
insert into training (id, category, duration, level, fk_workout_id) values (31, 'spinning', '12:28', 4, 59);
insert into training (id, category, duration, level, fk_workout_id) values (32, 'yoga', '9:12', 4, 51);
insert into training (id, category, duration, level, fk_workout_id) values (33, 'aerobic', '3:20', 6, 60);
insert into training (id, category, duration, level, fk_workout_id) values (34, 'bodypump', '1:51', 3, 47);
insert into training (id, category, duration, level, fk_workout_id) values (35, 'spinning', '10:52', 3, 49);
insert into training (id, category, duration, level, fk_workout_id) values (36, 'spinning', '4:59', 4, 60);
insert into training (id, category, duration, level, fk_workout_id) values (37, 'spinning', '6:38', 6, 47);
insert into training (id, category, duration, level, fk_workout_id) values (38, 'yoga', '7:39', 6, 44);
insert into training (id, category, duration, level, fk_workout_id) values (39, 'pilates', '10:46', 1, 55);
insert into training (id, category, duration, level, fk_workout_id) values (40, 'aerobic', '6:41', 5, 59);
insert into training (id, category, duration, level, fk_workout_id) values (41, 'aerobic', '10:22', 6, 47);
insert into training (id, category, duration, level, fk_workout_id) values (42, 'bodypump', '14:18', 1, 44);
insert into training (id, category, duration, level, fk_workout_id) values (43, 'spinning', '15:22', 3, 41);
insert into training (id, category, duration, level, fk_workout_id) values (44, 'bodypump', '11:04', 2, 52);
insert into training (id, category, duration, level, fk_workout_id) values (45, 'pilates', '15:20', 2, 43);
insert into training (id, category, duration, level, fk_workout_id) values (46, 'pilates', '6:05', 6, 51);
insert into training (id, category, duration, level, fk_workout_id) values (47, 'pilates', '11:11', 4, 59);
insert into training (id, category, duration, level, fk_workout_id) values (48, 'bodypump', '14:53', 1, 48);
insert into training (id, category, duration, level, fk_workout_id) values (49, 'pilates', '16:58', 1, 57);
insert into training (id, category, duration, level, fk_workout_id) values (50, 'spinning', '15:08', 6, 48);
insert into training (id, category, duration, level, fk_workout_id) values (51, 'spinning', '1:35', 3, 47);
insert into training (id, category, duration, level, fk_workout_id) values (52, 'yoga', '2:24', 1, 59);
insert into training (id, category, duration, level, fk_workout_id) values (53, 'bodypump', '8:38', 5, 44);
insert into training (id, category, duration, level, fk_workout_id) values (54, 'pilates', '4:16', 4, 59);
insert into training (id, category, duration, level, fk_workout_id) values (55, 'spinning', '11:46', 5, 59);
insert into training (id, category, duration, level, fk_workout_id) values (56, 'aerobic', '4:01', 2, 50);
insert into training (id, category, duration, level, fk_workout_id) values (57, 'pilates', '10:20', 5, 60);
insert into training (id, category, duration, level, fk_workout_id) values (58, 'spinning', '7:36', 4, 59);
insert into training (id, category, duration, level, fk_workout_id) values (59, 'pilates', '3:42', 4, 43);
insert into training (id, category, duration, level, fk_workout_id) values (60, 'yoga', '6:43', 1, 49);
insert into training (id, category, duration, level, fk_workout_id) values (61, 'yoga', '3:20', 6, 49);
insert into training (id, category, duration, level, fk_workout_id) values (62, 'aerobic', '12:04', 5, 52);
insert into training (id, category, duration, level, fk_workout_id) values (63, 'pilates', '10:21', 2, 46);
insert into training (id, category, duration, level, fk_workout_id) values (64, 'aerobic', '6:59', 3, 50);
insert into training (id, category, duration, level, fk_workout_id) values (65, 'aerobic', '4:26', 3, 54);
insert into training (id, category, duration, level, fk_workout_id) values (66, 'bodypump', '10:44', 4, 50);
insert into training (id, category, duration, level, fk_workout_id) values (67, 'aerobic', '11:42', 5, 52);
insert into training (id, category, duration, level, fk_workout_id) values (68, 'spinning', '16:46', 5, 56);
insert into training (id, category, duration, level, fk_workout_id) values (69, 'yoga', '7:14', 1, 57);
insert into training (id, category, duration, level, fk_workout_id) values (70, 'pilates', '15:16', 1, 54);
insert into training (id, category, duration, level, fk_workout_id) values (71, 'yoga', '10:11', 3, 42);
insert into training (id, category, duration, level, fk_workout_id) values (72, 'spinning', '7:25', 2, 44);
insert into training (id, category, duration, level, fk_workout_id) values (73, 'pilates', '1:37', 4, 56);
insert into training (id, category, duration, level, fk_workout_id) values (74, 'spinning', '2:02', 6, 50);
insert into training (id, category, duration, level, fk_workout_id) values (75, 'aerobic', '9:13', 4, 53);
insert into training (id, category, duration, level, fk_workout_id) values (76, 'pilates', '2:46', 3, 57);
insert into training (id, category, duration, level, fk_workout_id) values (77, 'aerobic', '1:11', 2, 43);
insert into training (id, category, duration, level, fk_workout_id) values (78, 'aerobic', '8:18', 4, 52);
insert into training (id, category, duration, level, fk_workout_id) values (79, 'pilates', '7:57', 6, 47);
insert into training (id, category, duration, level, fk_workout_id) values (80, 'spinning', '11:51', 5, 55);
insert into training (id, category, duration, level, fk_workout_id) values (81, 'pilates', '16:20', 1, 53);
insert into training (id, category, duration, level, fk_workout_id) values (82, 'yoga', '13:33', 2, 51);
insert into training (id, category, duration, level, fk_workout_id) values (83, 'pilates', '16:33', 3, 45);
insert into training (id, category, duration, level, fk_workout_id) values (84, 'aerobic', '10:40', 6, 53);
insert into training (id, category, duration, level, fk_workout_id) values (85, 'bodypump', '5:35', 2, 48);
insert into training (id, category, duration, level, fk_workout_id) values (86, 'pilates', '16:23', 5, 50);
insert into training (id, category, duration, level, fk_workout_id) values (87, 'spinning', '15:12', 1, 42);
insert into training (id, category, duration, level, fk_workout_id) values (88, 'pilates', '16:47', 4, 58);
insert into training (id, category, duration, level, fk_workout_id) values (89, 'bodypump', '16:29', 3, 58);
insert into training (id, category, duration, level, fk_workout_id) values (90, 'pilates', '14:42', 3, 48);
insert into training (id, category, duration, level, fk_workout_id) values (91, 'spinning', '13:30', 1, 45);
insert into training (id, category, duration, level, fk_workout_id) values (92, 'pilates', '14:23', 2, 48);
insert into training (id, category, duration, level, fk_workout_id) values (93, 'yoga', '14:48', 6, 58);
insert into training (id, category, duration, level, fk_workout_id) values (94, 'pilates', '11:19', 3, 52);
insert into training (id, category, duration, level, fk_workout_id) values (95, 'spinning', '10:56', 2, 46);
insert into training (id, category, duration, level, fk_workout_id) values (96, 'bodypump', '8:52', 3, 50);
insert into training (id, category, duration, level, fk_workout_id) values (97, 'yoga', '7:46', 5, 46);
insert into training (id, category, duration, level, fk_workout_id) values (98, 'bodypump', '13:06', 1, 56);
insert into training (id, category, duration, level, fk_workout_id) values (99, 'pilates', '2:38', 1, 55);
insert into training (id, category, duration, level, fk_workout_id) values (100, 'spinning', '6:49', 1, 43);
insert into training (id, category, duration, level, fk_workout_id) values (101, 'spinning', '16:38', 4, 53);
insert into training (id, category, duration, level, fk_workout_id) values (102, 'aerobic', '16:03', 4, 42);
insert into training (id, category, duration, level, fk_workout_id) values (103, 'bodypump', '5:12', 2, 52);
insert into training (id, category, duration, level, fk_workout_id) values (104, 'aerobic', '15:18', 6, 56);
insert into training (id, category, duration, level, fk_workout_id) values (105, 'pilates', '3:58', 1, 42);
insert into training (id, category, duration, level, fk_workout_id) values (106, 'spinning', '2:45', 1, 60);
insert into training (id, category, duration, level, fk_workout_id) values (107, 'pilates', '10:14', 2, 41);
insert into training (id, category, duration, level, fk_workout_id) values (108, 'spinning', '2:26', 3, 54);
insert into training (id, category, duration, level, fk_workout_id) values (109, 'yoga', '12:37', 6, 44);
insert into training (id, category, duration, level, fk_workout_id) values (110, 'aerobic', '7:57', 5, 48);
insert into training (id, category, duration, level, fk_workout_id) values (111, 'bodypump', '14:57', 5, 53);
insert into training (id, category, duration, level, fk_workout_id) values (112, 'spinning', '10:03', 1, 55);
insert into training (id, category, duration, level, fk_workout_id) values (113, 'bodypump', '12:03', 6, 42);
insert into training (id, category, duration, level, fk_workout_id) values (114, 'yoga', '8:19', 2, 49);
insert into training (id, category, duration, level, fk_workout_id) values (115, 'yoga', '3:11', 4, 53);
insert into training (id, category, duration, level, fk_workout_id) values (116, 'spinning', '3:54', 2, 44);
insert into training (id, category, duration, level, fk_workout_id) values (117, 'spinning', '10:59', 5, 59);
insert into training (id, category, duration, level, fk_workout_id) values (118, 'yoga', '14:50', 4, 57);
insert into training (id, category, duration, level, fk_workout_id) values (119, 'bodypump', '6:01', 5, 43);
insert into training (id, category, duration, level, fk_workout_id) values (120, 'pilates', '1:27', 1, 55);
insert into training (id, category, duration, level, fk_workout_id) values (121, 'aerobic', '16:10', 6, 46);
insert into training (id, category, duration, level, fk_workout_id) values (122, 'aerobic', '2:14', 1, 52);
insert into training (id, category, duration, level, fk_workout_id) values (123, 'spinning', '2:00', 2, 60);
insert into training (id, category, duration, level, fk_workout_id) values (124, 'bodypump', '12:32', 6, 59);
insert into training (id, category, duration, level, fk_workout_id) values (125, 'pilates', '7:59', 1, 47);
insert into training (id, category, duration, level, fk_workout_id) values (126, 'spinning', '15:39', 5, 52);
insert into training (id, category, duration, level, fk_workout_id) values (127, 'bodypump', '11:28', 1, 46);
insert into training (id, category, duration, level, fk_workout_id) values (128, 'bodypump', '14:45', 6, 54);
insert into training (id, category, duration, level, fk_workout_id) values (129, 'yoga', '15:41', 5, 55);
insert into training (id, category, duration, level, fk_workout_id) values (130, 'bodypump', '13:39', 2, 57);
insert into training (id, category, duration, level, fk_workout_id) values (131, 'bodypump', '13:44', 1, 58);
insert into training (id, category, duration, level, fk_workout_id) values (132, 'spinning', '16:08', 3, 55);
insert into training (id, category, duration, level, fk_workout_id) values (133, 'aerobic', '12:45', 3, 48);
insert into training (id, category, duration, level, fk_workout_id) values (134, 'spinning', '2:35', 1, 54);
insert into training (id, category, duration, level, fk_workout_id) values (135, 'aerobic', '14:44', 5, 45);
insert into training (id, category, duration, level, fk_workout_id) values (136, 'bodypump', '15:35', 2, 41);
insert into training (id, category, duration, level, fk_workout_id) values (137, 'aerobic', '1:46', 3, 56);
insert into training (id, category, duration, level, fk_workout_id) values (138, 'pilates', '15:42', 6, 48);
insert into training (id, category, duration, level, fk_workout_id) values (139, 'bodypump', '16:35', 5, 53);
insert into training (id, category, duration, level, fk_workout_id) values (140, 'aerobic', '15:38', 4, 41);
insert into training (id, category, duration, level, fk_workout_id) values (141, 'aerobic', '10:01', 3, 59);
insert into training (id, category, duration, level, fk_workout_id) values (142, 'spinning', '1:26', 1, 41);
insert into training (id, category, duration, level, fk_workout_id) values (143, 'spinning', '6:34', 2, 58);
insert into training (id, category, duration, level, fk_workout_id) values (144, 'yoga', '6:46', 1, 47);
insert into training (id, category, duration, level, fk_workout_id) values (145, 'pilates', '2:14', 4, 49);
insert into training (id, category, duration, level, fk_workout_id) values (146, 'spinning', '15:24', 5, 48);
insert into training (id, category, duration, level, fk_workout_id) values (147, 'bodypump', '16:25', 2, 45);
insert into training (id, category, duration, level, fk_workout_id) values (148, 'spinning', '14:05', 3, 60);
insert into training (id, category, duration, level, fk_workout_id) values (149, 'bodypump', '6:00', 6, 50);
insert into training (id, category, duration, level, fk_workout_id) values (150, 'bodypump', '3:11', 4, 56);
